Variant_ID,Label,oof_proba,oof_pred_05,oof_pred_youden,oof_pred_sens95
VAR_004572,1,0.723011450901798,1,1,1
VAR_004387,0,0.18772871197330113,0,0,0
VAR_001540,0,0.9199453958369821,1,1,1
VAR_000808,1,0.9671939553743893,1,1,1
VAR_000082,1,0.959542808801755,1,1,1
VAR_002119,0,0.24042689666795633,0,0,0
VAR_006245,0,0.18230588837302067,0,0,0
VAR_000163,1,0.9375665190897545,1,1,1
VAR_005692,1,0.8626262297086227,1,1,1
VAR_006030,1,0.7755216237742832,1,1,1
VAR_004890,0,0.2721039720947192,0,0,0
VAR_000584,0,0.8405173747158488,1,1,1
VAR_003833,0,0.034553087021813325,0,0,0
VAR_001918,1,0.8915615577288558,1,1,1
VAR_002625,1,0.880138773761069,1,1,1
VAR_001845,0,0.823930994825491,1,1,1
VAR_001979,1,0.903403479326629,1,1,1
VAR_000636,1,0.9858162094472047,1,1,1
VAR_005011,1,0.14856734251378478,0,0,0
VAR_005563,1,0.9771544424495554,1,1,1
VAR_002538,1,0.934635030794196,1,1,1
VAR_002184,1,0.9656404711629946,1,1,1
VAR_005553,1,0.8508785251815077,1,1,1
VAR_006223,0,0.591177437014647,1,0,1
VAR_003782,1,0.9210138660391824,1,1,1
VAR_000884,1,0.8949744101245266,1,1,1
VAR_001654,0,0.39189217064450954,0,0,1
VAR_005367,1,0.4046265651110142,0,0,1
VAR_004860,1,0.8392133019101741,1,1,1
VAR_002738,1,0.9168466110663631,1,1,1
VAR_000023,1,0.9825971197571448,1,1,1
VAR_005772,1,0.9723912369124522,1,1,1
VAR_002449,1,0.9573768795326825,1,1,1
VAR_004889,1,0.9384810271914169,1,1,1
VAR_002343,1,0.8389656852303624,1,1,1
VAR_004330,0,0.0433702387259071,0,0,0
VAR_000637,1,0.9762288152121356,1,1,1
VAR_001186,1,0.8063954793376447,1,1,1
VAR_005545,0,0.024840859268174607,0,0,0
VAR_000578,1,0.9779608226641379,1,1,1
VAR_005018,0,0.07713454919567508,0,0,0
VAR_002397,1,0.39189217064450954,0,0,1
VAR_005647,1,0.9083912485165307,1,1,1
VAR_004634,0,0.07138929641725497,0,0,0
VAR_002020,1,0.820950252337033,1,1,1
VAR_001239,1,0.9323725285896013,1,1,1
VAR_001880,1,0.8907280344390583,1,1,1
VAR_004829,1,0.9200760448251578,1,1,1
VAR_001582,0,0.39189217064450954,0,0,1
VAR_001872,1,0.9150905807568709,1,1,1
VAR_004209,0,0.07912320736870639,0,0,0
VAR_001548,1,0.39189217064450954,0,0,1
VAR_003059,1,0.9128378809596907,1,1,1
VAR_004466,1,0.877270661787421,1,1,1
VAR_004873,1,0.7275670114016836,1,1,1
VAR_001018,1,0.979356313638351,1,1,1
VAR_005839,1,0.8731114853448072,1,1,1
VAR_003136,1,0.9567611922931961,1,1,1
VAR_000344,0,0.6999199907871586,1,1,1
VAR_000741,0,0.0807445631882117,0,0,0
VAR_000752,1,0.6323976476022365,1,1,1
VAR_001791,1,0.9882209414140317,1,1,1
VAR_000132,0,0.24865216006412275,0,0,0
VAR_005138,1,0.6636356711999495,1,1,1
VAR_005771,1,0.8239403645263869,1,1,1
VAR_000927,1,0.721137345706052,1,1,1
VAR_001841,1,0.9746165955759827,1,1,1
VAR_003641,0,0.6111052417934872,1,1,1
VAR_000438,0,0.7441588899454828,1,1,1
VAR_004716,1,0.9032183596232223,1,1,1
VAR_000853,1,0.9767258661323696,1,1,1
VAR_002211,1,0.905513173326545,1,1,1
VAR_002235,0,0.5348979512891768,1,0,1
VAR_003024,1,0.646410898535557,1,1,1
VAR_001432,0,0.4046265651110142,0,0,1
VAR_003334,1,0.9629720857031435,1,1,1
VAR_005614,1,0.7970621560650527,1,1,1
VAR_000414,1,0.39189217064450954,0,0,1
VAR_005881,0,0.3845796625105247,0,0,1
VAR_003160,1,0.38575209311157754,0,0,1
VAR_004708,0,0.4813606223170597,0,0,1
VAR_000086,1,0.7617457960782725,1,1,1
VAR_000732,1,0.9239052502162581,1,1,1
VAR_004760,1,0.4590994565970912,0,0,1
VAR_002218,1,0.9595222405446696,1,1,1
VAR_006065,1,0.8983414608487189,1,1,1
VAR_005989,1,0.27873226062090706,0,0,0
VAR_006413,0,0.12786509329489712,0,0,0
VAR_001425,0,0.4401099374159651,0,0,1
VAR_000053,0,0.4143217559134536,0,0,1
VAR_004347,1,0.5175558357775758,1,0,1
VAR_006300,0,0.6037244218107364,1,1,1
VAR_000540,0,0.22512719057250066,0,0,0
VAR_004040,1,0.8234058348523426,1,1,1
VAR_001261,1,0.8432871469206332,1,1,1
VAR_003541,1,0.4911796616812304,0,0,1
VAR_005702,1,0.952634755539745,1,1,1
VAR_003522,0,0.1449935566023707,0,0,0
VAR_002815,1,0.9789691977568987,1,1,1
VAR_001843,1,0.8214735170152156,1,1,1
VAR_004687,0,0.6192183849966442,1,1,1
VAR_005060,1,0.7318935275924556,1,1,1
VAR_000630,1,0.8772334441729374,1,1,1
VAR_002834,1,0.9859024687633077,1,1,1
VAR_002915,1,0.8113743908498803,1,1,1
VAR_002048,0,0.19930494461038714,0,0,0
VAR_005699,1,0.9551570142649385,1,1,1
VAR_005255,1,0.8981341745855139,1,1,1
VAR_004795,1,0.6728147173837018,1,1,1
VAR_000800,0,0.05856574435841142,0,0,0
VAR_002746,1,0.967023395395961,1,1,1
VAR_003421,0,0.9523669245495948,1,1,1
VAR_002580,1,0.8555362698362659,1,1,1
VAR_000081,1,0.97113900125006,1,1,1
VAR_000850,1,0.9238572421552993,1,1,1
VAR_003325,1,0.8960670421787914,1,1,1
VAR_005416,0,0.07745004874576525,0,0,0
VAR_006407,0,0.811456000177191,1,1,1
VAR_006584,1,0.9824682279325131,1,1,1
VAR_005443,1,0.9117246211838248,1,1,1
VAR_003252,1,0.9265155234968154,1,1,1
VAR_001102,1,0.9482659325183725,1,1,1
VAR_005097,0,0.14254393977464433,0,0,0
VAR_003331,0,0.7466295331525674,1,1,1
VAR_000259,1,0.9179447758879979,1,1,1
VAR_001754,0,0.3851785848508822,0,0,1
VAR_002777,1,0.5128903382328441,1,0,1
VAR_000576,1,0.9788771221283632,1,1,1
VAR_003389,1,0.7920869672318303,1,1,1
VAR_002884,1,0.8367247061699155,1,1,1
VAR_004467,1,0.38736301756652075,0,0,1
VAR_000200,1,0.9082707881188121,1,1,1
VAR_005242,1,0.9733472244453524,1,1,1
VAR_005501,1,0.9502933800619243,1,1,1
VAR_002854,1,0.850464424363075,1,1,1
VAR_005498,1,0.988550792755543,1,1,1
VAR_005069,1,0.9563724895744719,1,1,1
VAR_002092,0,0.41709036788275033,0,0,1
VAR_002604,1,0.10645093985113521,0,0,0
VAR_000790,1,0.8641330267059435,1,1,1
VAR_002426,1,0.8160357925143003,1,1,1
VAR_006155,1,0.8634543270182378,1,1,1
VAR_004509,1,0.796062727326789,1,1,1
VAR_000116,0,0.03016827231002543,0,0,0
VAR_000602,1,0.9422832708611644,1,1,1
VAR_003013,0,0.31293533727877915,0,0,0
VAR_006532,0,0.27153908379604397,0,0,0
VAR_001690,0,0.7916612125391423,1,1,1
VAR_004258,0,0.14534545455226178,0,0,0
VAR_003384,1,0.9264737831507576,1,1,1
VAR_000981,1,0.5731534282431037,1,0,1
VAR_003771,1,0.9747635332625033,1,1,1
VAR_001968,1,0.9122564506298376,1,1,1
VAR_001497,0,0.4401099374159651,0,0,1
VAR_001001,1,0.9794271903565479,1,1,1
VAR_002986,1,0.6468923915756324,1,1,1
VAR_000588,0,0.07388801941854856,0,0,0
VAR_000784,1,0.793436930812119,1,1,1
VAR_000153,1,0.9254783680118196,1,1,1
VAR_005152,0,0.11194141188009628,0,0,0
VAR_004575,1,0.9630793088620602,1,1,1
VAR_002798,0,0.07684315258921062,0,0,0
VAR_002180,1,0.9886667578171884,1,1,1
VAR_004291,1,0.1780014815468606,0,0,0
VAR_006072,0,0.2937596019240484,0,0,0
VAR_001204,1,0.8834049923319716,1,1,1
VAR_002277,1,0.34113721800532254,0,0,0
VAR_004565,1,0.727028417602796,1,1,1
VAR_003157,1,0.9486416401218329,1,1,1
VAR_002727,0,0.06246861312577604,0,0,0
VAR_004375,1,0.9531287176452431,1,1,1
VAR_000914,1,0.9827002321254684,1,1,1
VAR_002457,1,0.8812299529330412,1,1,1
VAR_006382,1,0.8434418514133365,1,1,1
VAR_006330,1,0.9406545423305672,1,1,1
VAR_006100,1,0.581431157985828,1,0,1
VAR_000382,1,0.7232749501839988,1,1,1
VAR_001978,1,0.8933620271051831,1,1,1
VAR_006429,0,0.7968233430931961,1,1,1
VAR_001649,1,0.7470512334196411,1,1,1
VAR_006525,1,0.7341302398873848,1,1,1
VAR_003086,0,0.8302900007302637,1,1,1
VAR_001013,1,0.9461013896025717,1,1,1
VAR_006115,0,0.919143688874395,1,1,1
VAR_004598,0,0.05964101160329952,0,0,0
VAR_004511,1,0.8300588619902941,1,1,1
VAR_001359,1,0.8622263957579199,1,1,1
VAR_005952,1,0.9369018129046821,1,1,1
VAR_002024,1,0.9780629517373283,1,1,1
VAR_000558,0,0.7820312777797365,1,1,1
VAR_005438,1,0.9225162048149762,1,1,1
VAR_002158,1,0.9817402813523977,1,1,1
VAR_003318,1,0.9357985974957683,1,1,1
VAR_000404,0,0.8352963269664969,1,1,1
VAR_001746,0,0.19487496629580603,0,0,0
VAR_002150,1,0.5735752226051127,1,0,1
VAR_001426,0,0.42601203254763953,0,0,1
VAR_003695,1,0.9516251350844985,1,1,1
VAR_002189,1,0.9679807664121879,1,1,1
VAR_002624,1,0.6682385204836543,1,1,1
VAR_006077,0,0.09312478175580745,0,0,0
VAR_006496,1,0.9714321326742615,1,1,1
VAR_001495,0,0.44091797758823875,0,0,1
VAR_003021,1,0.4273345498368406,0,0,1
VAR_002956,1,0.9815241932924201,1,1,1
VAR_000950,1,0.9354734777255004,1,1,1
VAR_003044,1,0.8229102558996112,1,1,1
VAR_006133,0,0.9505920704078766,1,1,1
VAR_001881,1,0.9817560983831416,1,1,1
VAR_004576,1,0.9105379090018992,1,1,1
VAR_002398,1,0.8251853788111003,1,1,1
VAR_000777,1,0.4529122874355659,0,0,1
VAR_002038,1,0.873478957729683,1,1,1
VAR_003287,1,0.8111002868882009,1,1,1
VAR_002925,1,0.8921848410468763,1,1,1
VAR_002077,1,0.8643598673720816,1,1,1
VAR_000385,0,0.05996386433905803,0,0,0
VAR_004868,1,0.8588013448949566,1,1,1
VAR_001297,1,0.4670276961908134,0,0,1
VAR_000032,1,0.9386464930329955,1,1,1
VAR_001889,1,0.952528384989281,1,1,1
VAR_001581,1,0.887059457245609,1,1,1
VAR_002539,1,0.8076448965591504,1,1,1
VAR_000358,1,0.9772651730860332,1,1,1
VAR_006379,1,0.8797827074893659,1,1,1
VAR_005885,0,0.4811717566116753,0,0,1
VAR_000631,1,0.9401267869316416,1,1,1
VAR_000614,1,0.8851238060720228,1,1,1
VAR_001996,1,0.9593602368205904,1,1,1
VAR_004116,0,0.1168082612749634,0,0,0
VAR_000585,1,0.9549583991692233,1,1,1
VAR_000714,1,0.7266369025068402,1,1,1
VAR_002904,1,0.954030495678923,1,1,1
VAR_003420,1,0.873432855720757,1,1,1
VAR_001099,1,0.9120014422332592,1,1,1
VAR_000114,1,0.6963585785960735,1,1,1
VAR_004581,0,0.9031264394223725,1,1,1
VAR_003253,0,0.9508776914839955,1,1,1
VAR_005950,0,0.4232876266339262,0,0,1
VAR_006284,1,0.8788400412109145,1,1,1
VAR_001662,0,0.7848769240860526,1,1,1
VAR_003704,1,0.9406470612886492,1,1,1
VAR_002748,1,0.927632444518828,1,1,1
VAR_003672,1,0.8975229111161446,1,1,1
VAR_000325,0,0.0607040241008993,0,0,0
VAR_001571,1,0.42601203254763953,0,0,1
VAR_002578,1,0.9611328083651095,1,1,1
VAR_005698,1,0.9850886492354972,1,1,1
VAR_005964,1,0.9087120065944352,1,1,1
VAR_006082,1,0.6954157774484733,1,1,1
VAR_005164,1,0.9143262608122337,1,1,1
VAR_003161,1,0.8326181958787013,1,1,1
VAR_000284,1,0.9695497890656248,1,1,1
VAR_001336,1,0.8533538476501719,1,1,1
VAR_005219,0,0.144387868832958,0,0,0
VAR_000186,1,0.9366813387788832,1,1,1
VAR_002278,1,0.9434658292086916,1,1,1
VAR_005718,1,0.394815823757121,0,0,1
VAR_002569,0,0.17096532341966025,0,0,0
VAR_000681,1,0.6748158660738813,1,1,1
VAR_003450,1,0.890038862662033,1,1,1
VAR_000966,1,0.9812887124568587,1,1,1
VAR_001346,1,0.7272061433499531,1,1,1
VAR_005921,1,0.9348186124017575,1,1,1
VAR_004728,1,0.9024446922439311,1,1,1
VAR_005212,1,0.8955489194778984,1,1,1
VAR_006051,1,0.8514035494288705,1,1,1
VAR_000435,1,0.8503836559848562,1,1,1
VAR_006012,0,0.21274046967852225,0,0,0
VAR_000138,1,0.9683627575126532,1,1,1
VAR_000389,1,0.389541971181571,0,0,1
VAR_003698,1,0.8232607491974446,1,1,1
VAR_003530,1,0.10794757890505265,0,0,0
VAR_001284,1,0.5409198554893131,1,0,1
VAR_004844,1,0.9469417440674638,1,1,1
VAR_003995,1,0.8543859702733139,1,1,1
VAR_003268,1,0.9654204380691456,1,1,1
VAR_002310,1,0.07519692353616875,0,0,0
VAR_000982,0,0.9463666047572197,1,1,1
VAR_003403,1,0.8553018715014002,1,1,1
VAR_000311,0,0.7279580874914294,1,1,1
VAR_003507,0,0.46618611977467334,0,0,1
VAR_005386,0,0.34929649980707256,0,0,0
VAR_002673,1,0.8489721798836228,1,1,1
VAR_005980,0,0.28407620781563037,0,0,0
VAR_005425,0,0.783358429021093,1,1,1
VAR_004983,1,0.9506026715145112,1,1,1
VAR_002480,1,0.9264698141418868,1,1,1
VAR_001959,1,0.7741869175039311,1,1,1
VAR_005415,1,0.9620023488212701,1,1,1
VAR_003863,1,0.9244776413668909,1,1,1
VAR_005969,0,0.8007115889755332,1,1,1
VAR_004383,1,0.8618982875679188,1,1,1
VAR_001178,1,0.9225237010630912,1,1,1
VAR_003333,1,0.7145300211441026,1,1,1
VAR_006337,1,0.8728320325856912,1,1,1
VAR_004899,1,0.8645051382632046,1,1,1
VAR_001177,1,0.9706606496008574,1,1,1
VAR_005169,1,0.9493194297841782,1,1,1
VAR_000123,0,0.08451044129325841,0,0,0
VAR_005609,1,0.9202703042730507,1,1,1
VAR_002315,1,0.7667743520486604,1,1,1
VAR_003818,0,0.06841876827041052,0,0,0
VAR_003626,0,0.10526804273220038,0,0,0
VAR_005821,0,0.17385388422448278,0,0,0
VAR_004079,1,0.9824162565353295,1,1,1
VAR_005607,1,0.5963139044501752,1,1,1
VAR_000356,0,0.058641894811277545,0,0,0
VAR_000064,1,0.8598322182633114,1,1,1
VAR_003030,1,0.06050783822456441,0,0,0
VAR_003102,1,0.762511328022838,1,1,1
VAR_002593,0,0.6477971123076386,1,1,1
VAR_003671,1,0.9608503499255879,1,1,1
VAR_000345,1,0.9703748914088819,1,1,1
VAR_005714,1,0.8497573730185566,1,1,1
VAR_002843,1,0.42554358018810423,0,0,1
VAR_001373,0,0.39189217064450954,0,0,1
VAR_000072,1,0.9281275272057226,1,1,1
VAR_006001,1,0.15002466848309742,0,0,0
VAR_003055,1,0.9469967233816208,1,1,1
VAR_001837,1,0.30377254420730454,0,0,0
VAR_003051,0,0.7822130365326949,1,1,1
VAR_006255,0,0.025922908939625663,0,0,0
VAR_002813,1,0.9196928347330283,1,1,1
VAR_005191,1,0.856526021355923,1,1,1
VAR_002568,0,0.4339591281965905,0,0,1
VAR_006460,1,0.9847363779787489,1,1,1
VAR_000840,1,0.7065224085312071,1,1,1
VAR_001329,0,0.4401099374159651,0,0,1
VAR_000755,0,0.6755171944299965,1,1,1
VAR_004900,1,0.9271768474594966,1,1,1
VAR_005837,1,0.4129601362449485,0,0,1
VAR_003766,1,0.9283898832285906,1,1,1
VAR_003515,1,0.5979796429204156,1,1,1
VAR_006348,1,0.975245414153339,1,1,1
VAR_003927,1,0.9323461801302523,1,1,1
VAR_005850,0,0.12079021296074566,0,0,0
VAR_003662,1,0.9621461130346837,1,1,1
VAR_005540,1,0.8155514484343653,1,1,1
VAR_000847,1,0.9886722525626122,1,1,1
VAR_003854,1,0.9635631956865599,1,1,1
VAR_006338,1,0.9632111344253806,1,1,1
VAR_001051,0,0.4977357033609023,0,0,1
VAR_005337,1,0.9847664093209606,1,1,1
VAR_000753,1,0.8826018897634006,1,1,1
VAR_002043,1,0.6861869900736172,1,1,1
VAR_002726,0,0.8293465780299331,1,1,1
VAR_002185,1,0.948504029406786,1,1,1
VAR_001391,1,0.4401099374159651,0,0,1
VAR_005345,0,0.2186998952460887,0,0,0
VAR_002804,1,0.750427987004231,1,1,1
VAR_004445,0,0.4080344904272878,0,0,1
VAR_000369,0,0.7349519263894827,1,1,1
VAR_005440,1,0.8888881458942419,1,1,1
VAR_005794,1,0.8213937820524919,1,1,1
VAR_006466,1,0.37649020655696935,0,0,1
VAR_000512,1,0.7495332872498747,1,1,1
VAR_001508,0,0.4046265651110142,0,0,1
VAR_003510,1,0.3478128930921632,0,0,0
VAR_002136,1,0.9746455259618857,1,1,1
VAR_006198,1,0.7630651192689379,1,1,1
VAR_000115,1,0.9639330145186931,1,1,1
VAR_000056,0,0.17281366658978328,0,0,0
VAR_001069,1,0.9664923913429246,1,1,1
VAR_001868,1,0.9429571275155031,1,1,1
VAR_004808,1,0.9790766862895505,1,1,1
VAR_005711,1,0.857203185096115,1,1,1
VAR_002789,1,0.9284819285755042,1,1,1
VAR_000449,1,0.9277055777978108,1,1,1
VAR_001253,1,0.3659850479086228,0,0,1
VAR_004308,1,0.2612417797237851,0,0,0
VAR_001447,0,0.7353676362763937,1,1,1
VAR_002651,1,0.9085284816909727,1,1,1
VAR_003509,0,0.15121005105305463,0,0,0
VAR_005477,1,0.9110940273331415,1,1,1
VAR_004049,0,0.21619766422439152,0,0,0
VAR_002203,1,0.9852105760763794,1,1,1
VAR_002778,1,0.9635429464608269,1,1,1
VAR_004089,1,0.967413250688047,1,1,1
VAR_005728,0,0.1640518677976693,0,0,0
VAR_002605,1,0.9816197810406206,1,1,1
VAR_002939,1,0.8276717770349697,1,1,1
VAR_003020,1,0.9231698305043952,1,1,1
VAR_002085,0,0.09074166605508718,0,0,0
VAR_005315,1,0.8797985914637872,1,1,1
VAR_001794,1,0.900770768819906,1,1,1
VAR_000759,0,0.36474197913946127,0,0,1
VAR_003659,1,0.799163770798453,1,1,1
VAR_004627,0,0.5186839077956032,1,0,1
VAR_004945,1,0.8968683058795015,1,1,1
VAR_000674,1,0.9119449708708919,1,1,1
VAR_005310,1,0.6421994346401518,1,1,1
VAR_003769,1,0.866181347468826,1,1,1
VAR_002019,1,0.9876404471074397,1,1,1
VAR_000060,1,0.9341281095669832,1,1,1
VAR_000699,1,0.9785802007826416,1,1,1
VAR_003513,1,0.7487104914064288,1,1,1
VAR_004015,1,0.9816303426457813,1,1,1
VAR_005797,1,0.875857687899328,1,1,1
VAR_002619,1,0.9187090480811293,1,1,1
VAR_002772,1,0.6461780097353577,1,1,1
VAR_006034,1,0.6441893590414804,1,1,1
VAR_005763,1,0.9238701017138682,1,1,1
VAR_005478,0,0.20937759885267157,0,0,0
VAR_005708,0,0.03746411056478764,0,0,0
VAR_004069,1,0.9044481495885186,1,1,1
VAR_004026,1,0.929547807358342,1,1,1
VAR_005436,1,0.9569626102840542,1,1,1
VAR_006576,1,0.8705257207644008,1,1,1
VAR_002393,1,0.8190717772396497,1,1,1
VAR_004059,1,0.9157800013742368,1,1,1
VAR_004005,1,0.9239302713514156,1,1,1
VAR_001227,1,0.6434729237671695,1,1,1
VAR_005555,1,0.9789360807283521,1,1,1
VAR_005216,1,0.9082924335756878,1,1,1
VAR_000461,1,0.62758724193042,1,1,1
VAR_003584,0,0.0814972817027081,0,0,0
VAR_001604,1,0.8195191940865248,1,1,1
VAR_002533,1,0.8092252095296055,1,1,1
VAR_004136,1,0.9096243571123468,1,1,1
VAR_005485,1,0.9637736343435271,1,1,1
VAR_000628,1,0.9866263065970624,1,1,1
VAR_005836,1,0.8524961718017893,1,1,1
VAR_000972,1,0.9931298646845438,1,1,1
VAR_005483,0,0.3571999372440177,0,0,0
VAR_002767,1,0.9107908174492271,1,1,1
VAR_000035,1,0.8674543168157824,1,1,1
VAR_002828,1,0.9411075341542845,1,1,1
VAR_001813,0,0.7646588319096569,1,1,1
VAR_000648,0,0.38553008078839496,0,0,1
VAR_005721,1,0.3942409935841011,0,0,1
VAR_006140,1,0.9594692612672354,1,1,1
VAR_004490,1,0.9791584648637894,1,1,1
VAR_004001,1,0.9599481544277603,1,1,1
VAR_006106,1,0.9228725271686229,1,1,1
VAR_006403,0,0.3577257519684858,0,0,0
VAR_002004,1,0.9188556425050236,1,1,1
VAR_000749,0,0.9766163842335973,1,1,1
VAR_003269,1,0.9614457514591487,1,1,1
VAR_002478,1,0.7469379503073162,1,1,1
VAR_004031,1,0.9181848993401145,1,1,1
VAR_006416,0,0.09527843388636903,0,0,0
VAR_000583,0,0.9292780197048273,1,1,1
VAR_000113,1,0.9108033742071819,1,1,1
VAR_003883,0,0.39189217064450954,0,0,1
VAR_004862,1,0.961192964474674,1,1,1
VAR_003173,1,0.5897640242681166,1,0,1
VAR_000525,0,0.3270018494956854,0,0,0
VAR_005546,1,0.9809261786843444,1,1,1
VAR_004169,1,0.9643453035993625,1,1,1
VAR_004350,1,0.9115336069034375,1,1,1
VAR_001817,1,0.9096738392216611,1,1,1
VAR_002202,1,0.9768096872005192,1,1,1
VAR_002712,1,0.9319096119484349,1,1,1
VAR_001614,0,0.35481091758849226,0,0,0
VAR_001431,0,0.39189217064450954,0,0,1
VAR_004461,1,0.08625336601632476,0,0,0
VAR_002161,1,0.972298443492218,1,1,1
VAR_004306,0,0.7348752188883949,1,1,1
VAR_004207,0,0.5511771252760401,1,0,1
VAR_000830,1,0.9110807821601579,1,1,1
VAR_001288,0,0.1197984894713857,0,0,0
VAR_003394,1,0.8932472746057141,1,1,1
VAR_002357,0,0.15713424857452496,0,0,0
VAR_001296,1,0.709147461162776,1,1,1
VAR_002041,1,0.6876646260258298,1,1,1
VAR_001412,0,0.4046265651110142,0,0,1
VAR_000502,0,0.39424089900231485,0,0,1
VAR_003153,1,0.735169470036792,1,1,1
VAR_001987,0,0.1052527600366727,0,0,0
VAR_003750,1,0.9109142142354542,1,1,1
VAR_002927,0,0.09783217093504087,0,0,0
VAR_004604,0,0.4172426700653442,0,0,1
VAR_000627,1,0.5098112279348954,1,0,1
VAR_001004,1,0.9833506039801461,1,1,1
VAR_001198,1,0.8436453230083453,1,1,1
VAR_002555,0,0.524962817065044,1,0,1
VAR_004523,1,0.8909672362937046,1,1,1
VAR_006561,1,0.6288162337695146,1,1,1
VAR_003734,1,0.8492207066193858,1,1,1
VAR_003259,1,0.9306410284293414,1,1,1
VAR_000988,1,0.9408182904718287,1,1,1
VAR_000547,0,0.14685414713010375,0,0,0
VAR_000127,0,0.14181709686139896,0,0,0
VAR_006500,1,0.972037923857024,1,1,1
VAR_001820,1,0.04620020570379805,0,0,0
VAR_005572,0,0.16834977485472283,0,0,0
VAR_001236,1,0.6279121186821532,1,1,1
VAR_000075,0,0.6445930485862674,1,1,1
VAR_002491,1,0.8795752476679239,1,1,1
VAR_005012,1,0.2527029529822023,0,0,0
VAR_003107,1,0.785471082142031,1,1,1
VAR_000710,0,0.06993472964677765,0,0,0
VAR_005149,0,0.2118169491871076,0,0,0
VAR_002371,0,0.10036472489604337,0,0,0
VAR_005642,1,0.9630325871702479,1,1,1
VAR_000470,1,0.9511224371266441,1,1,1
VAR_002153,1,0.9735933651482028,1,1,1
VAR_003215,0,0.29228305532873594,0,0,0
VAR_002999,1,0.5645677381084621,1,0,1
VAR_004801,1,0.45216329309969683,0,0,1
VAR_000575,1,0.9721171139854959,1,1,1
VAR_004770,1,0.936117252459513,1,1,1
VAR_000672,1,0.7445616246772482,1,1,1
VAR_003142,1,0.9263878346256377,1,1,1
VAR_002382,0,0.8598622132572692,1,1,1
VAR_002467,1,0.7504245252442945,1,1,1
VAR_000926,1,0.47398448045401276,0,0,1
VAR_005782,1,0.9725707550525131,1,1,1
VAR_002272,1,0.8600667473867734,1,1,1
VAR_002830,1,0.8672475976389505,1,1,1
VAR_004816,1,0.8764803704698603,1,1,1
VAR_005583,1,0.8719358414536132,1,1,1
VAR_003367,1,0.9142711455778088,1,1,1
VAR_005239,1,0.9819815245071611,1,1,1
VAR_001327,1,0.39189217064450954,0,0,1
VAR_006047,1,0.9778547913424755,1,1,1
VAR_002871,1,0.7974558803050285,1,1,1
VAR_006316,0,0.11494320314742738,0,0,0
VAR_003483,0,0.32408678951716124,0,0,0
VAR_005130,1,0.9376350861698379,1,1,1
VAR_004786,1,0.6851290525138141,1,1,1
VAR_006373,0,0.4825925385154595,0,0,1
VAR_003896,0,0.9526805812419454,1,1,1
VAR_003321,1,0.9110467328246529,1,1,1
VAR_001477,1,0.7212708814757679,1,1,1
VAR_002638,1,0.9702919296826589,1,1,1
VAR_000644,1,0.8621995783271913,1,1,1
VAR_000465,0,0.13757898132182822,0,0,0
VAR_000816,1,0.9854241398727424,1,1,1
VAR_002264,1,0.8333685329347699,1,1,1
VAR_002755,1,0.9621204859122934,1,1,1
VAR_000275,1,0.8737721032425673,1,1,1
VAR_002846,1,0.8798820599222943,1,1,1
VAR_006490,1,0.9824527215847709,1,1,1
VAR_002640,1,0.8902350961125279,1,1,1
VAR_002362,1,0.911728228967857,1,1,1
VAR_000221,1,0.7712205943953712,1,1,1
VAR_000009,1,0.2695831071686574,0,0,0
VAR_005898,0,0.41206861620148627,0,0,1
VAR_000332,1,0.9666746345253682,1,1,1
VAR_003093,1,0.5887459663060858,1,0,1
VAR_004022,1,0.8688601743485586,1,1,1
VAR_004819,1,0.8587457534047922,1,1,1
VAR_000882,1,0.8848135093758175,1,1,1
VAR_000623,1,0.9665635206865423,1,1,1
VAR_002802,1,0.9683786342889109,1,1,1
VAR_000951,1,0.959637444712838,1,1,1
VAR_003800,1,0.7883371485240239,1,1,1
VAR_002773,0,0.8419901165815751,1,1,1
VAR_003761,0,0.9190075176875097,1,1,1
VAR_005276,0,0.42601203254763953,0,0,1
VAR_005143,1,0.9360731133670139,1,1,1
VAR_001955,1,0.2239223042698551,0,0,0
VAR_002106,0,0.8422002711958951,1,1,1
VAR_003246,1,0.9503839828904286,1,1,1
VAR_004940,1,0.8000193971206347,1,1,1
VAR_000099,0,0.04123235299723683,0,0,0
VAR_005611,1,0.9642889861874004,1,1,1
VAR_004605,1,0.8791097864087751,1,1,1
VAR_000606,1,0.9651992844644588,1,1,1
VAR_000505,1,0.9135503259091182,1,1,1
VAR_003585,0,0.07923158427619355,0,0,0
VAR_004761,1,0.9246058422971097,1,1,1
VAR_005227,1,0.9103478236656258,1,1,1
VAR_004155,0,0.9319082548700165,1,1,1
VAR_005858,1,0.9477950048339835,1,1,1
VAR_004369,0,0.8031738529557383,1,1,1
VAR_004037,1,0.9760598445663233,1,1,1
VAR_004913,0,0.626643801207063,1,1,1
VAR_005941,0,0.7898842709600221,1,1,1
VAR_002759,1,0.9801423472417516,1,1,1
VAR_003557,0,0.03453123969585905,0,0,0
VAR_001749,0,0.34900826102632987,0,0,0
VAR_000685,1,0.962046773495248,1,1,1
VAR_001133,1,0.9749531125230695,1,1,1
VAR_000197,0,0.8963526863551212,1,1,1
VAR_004317,1,0.8724499228313782,1,1,1
VAR_003152,1,0.9601798114094635,1,1,1
VAR_005616,1,0.9179752852413686,1,1,1
VAR_002556,0,0.43287926183878894,0,0,1
VAR_003697,0,0.5119977950265721,1,0,1
VAR_005290,1,0.30507391034807296,0,0,0
VAR_004806,1,0.6233317198831132,1,1,1
VAR_003262,0,0.657403544761206,1,1,1
VAR_002931,1,0.9807121100448231,1,1,1
VAR_002899,1,0.9066084111180597,1,1,1
VAR_004980,1,0.9195650608090209,1,1,1
VAR_002847,1,0.8860692912990924,1,1,1
VAR_005358,1,0.8834643704909192,1,1,1
VAR_005957,1,0.8361440989734696,1,1,1
VAR_005591,1,0.862325310386023,1,1,1
VAR_000251,0,0.044363750976223755,0,0,0
VAR_003825,0,0.4163760852532054,0,0,1
VAR_001857,1,0.7850695213197235,1,1,1
VAR_001410,1,0.42601203254763953,0,0,1
VAR_001268,0,0.4641434043678539,0,0,1
VAR_001000,0,0.17558772102274406,0,0,0
VAR_002757,1,0.9701352804893824,1,1,1
VAR_003062,1,0.9199313227096444,1,1,1
VAR_002064,0,0.47816985604956136,0,0,1
VAR_004216,0,0.8771933668214067,1,1,1
VAR_003692,1,0.16381354463166892,0,0,0
VAR_005007,0,0.4650003381993564,0,0,1
VAR_004252,1,0.9528373911227616,1,1,1
VAR_000567,1,0.6619583713147922,1,1,1
VAR_006463,1,0.9792635333623941,1,1,1
VAR_000846,0,0.7825888495049187,1,1,1
VAR_002188,1,0.9559132526222293,1,1,1
VAR_002664,1,0.8168084884358,1,1,1
VAR_003124,0,0.3163455293779829,0,0,0
VAR_003155,0,0.9014148312976612,1,1,1
VAR_005106,1,0.8019286426863443,1,1,1
VAR_004989,0,0.2295230880373474,0,0,0
VAR_005526,1,0.9247974653747726,1,1,1
VAR_003681,1,0.4167189567149982,0,0,1
VAR_004789,1,0.9343021266109999,1,1,1
VAR_006370,1,0.963667975563796,1,1,1
VAR_002910,1,0.9633847815144124,1,1,1
VAR_003162,1,0.9563318813643619,1,1,1
VAR_001148,1,0.47274838361415644,0,0,1
VAR_005854,1,0.9563540132856837,1,1,1
VAR_001380,1,0.7304850931626632,1,1,1
VAR_003229,0,0.601542314967726,1,1,1
VAR_003538,1,0.841554257507088,1,1,1
VAR_002334,1,0.5801791881331869,1,0,1
VAR_003070,1,0.8991134367230262,1,1,1
VAR_000675,0,0.9270521369687287,1,1,1
VAR_006383,0,0.9236652195209585,1,1,1
VAR_000903,1,0.4401099374159651,0,0,1
VAR_002159,1,0.8882890762645048,1,1,1
VAR_003946,1,0.7972510487525805,1,1,1
VAR_001995,1,0.9881229507713076,1,1,1
VAR_001340,0,0.8702612873128548,1,1,1
VAR_004727,1,0.9499567314551982,1,1,1
VAR_004460,0,0.020956579997106206,0,0,0
VAR_006066,1,0.8060201786769966,1,1,1
VAR_000245,1,0.06856023388231854,0,0,0
VAR_003500,0,0.03495951384552167,0,0,0
VAR_002146,1,0.9647259594306754,1,1,1
VAR_004199,1,0.8910227606609805,1,1,1
VAR_002340,1,0.5282325724322762,1,0,1
VAR_002739,1,0.22760176434258447,0,0,0
VAR_003764,1,0.24480177295039884,0,0,0
VAR_004838,1,0.8479653687686958,1,1,1
VAR_002753,1,0.8065962510870557,1,1,1
VAR_000244,1,0.6845426337432475,1,1,1
VAR_001543,1,0.4401099374159651,0,0,1
VAR_004524,1,0.8625955680349064,1,1,1
VAR_004177,1,0.9696312499050356,1,1,1
VAR_001088,1,0.7789902984094347,1,1,1
VAR_004720,1,0.9134140397823621,1,1,1
VAR_005433,0,0.44413501772116265,0,0,1
VAR_002718,1,0.9694792319076105,1,1,1
VAR_005088,1,0.9164827443217852,1,1,1
VAR_001796,1,0.7821934711447281,1,1,1
VAR_004123,1,0.9426716241563661,1,1,1
VAR_002514,0,0.3660044998317269,0,0,1
VAR_004085,0,0.13850564899505943,0,0,0
VAR_003154,1,0.39189217064450954,0,0,1
VAR_005296,1,0.4251451320024296,0,0,1
VAR_001215,1,0.4071527358704628,0,0,1
VAR_002940,1,0.40161714639393925,0,0,1
VAR_000590,1,0.9601650821311385,1,1,1
VAR_005880,0,0.7223306755870544,1,1,1
VAR_005934,0,0.8888538094974245,1,1,1
VAR_002744,0,0.947925911020849,1,1,1
VAR_004044,0,0.22509979212025133,0,0,0
VAR_002841,1,0.9334425985285961,1,1,1
VAR_000904,0,0.03607871153663012,0,0,0
VAR_000833,1,0.9085639136144356,1,1,1
VAR_002408,1,0.9684773892786113,1,1,1
VAR_003175,1,0.8913601722191737,1,1,1
VAR_001258,1,0.9056780500137658,1,1,1
VAR_001438,1,0.26024272336078585,0,0,0
VAR_005949,0,0.19761673838655525,0,0,0
VAR_003784,1,0.9684447883724021,1,1,1
VAR_000992,1,0.8793725626393688,1,1,1
VAR_000109,1,0.8058556056391102,1,1,1
VAR_006462,1,0.9154284050309744,1,1,1
VAR_000111,1,0.9241471547606115,1,1,1
VAR_000119,1,0.9196422559153575,1,1,1
VAR_006489,1,0.9593605504247916,1,1,1
VAR_004384,1,0.9456810516609023,1,1,1
VAR_004546,1,0.9631922110176546,1,1,1
VAR_004363,0,0.2477398116164646,0,0,0
VAR_000643,1,0.9761986626479728,1,1,1
VAR_002067,0,0.03927809815543092,0,0,0
VAR_005944,1,0.9500102441740136,1,1,1
VAR_003312,0,0.4631800183847854,0,0,1
VAR_002193,0,0.5572283640416054,1,0,1
VAR_003410,1,0.8222020093888875,1,1,1
VAR_002355,1,0.8870811647939469,1,1,1
VAR_000928,1,0.9666467225744542,1,1,1
VAR_002279,1,0.5179414598201489,1,0,1
VAR_005495,1,0.6886522087205923,1,1,1
VAR_003034,1,0.3707088914424661,0,0,1
VAR_001233,0,0.06456804336727001,0,0,0
VAR_000260,1,0.5248737044118552,1,0,1
VAR_003075,1,0.9324690988737077,1,1,1
VAR_006061,1,0.6794853403816724,1,1,1
VAR_000721,1,0.9222301207418574,1,1,1
VAR_004817,0,0.847770632989224,1,1,1
VAR_003969,1,0.9730629374718439,1,1,1
VAR_002887,1,0.7983256968549446,1,1,1
VAR_001619,0,0.39189217064450954,0,0,1
VAR_005357,1,0.9608584062155898,1,1,1
VAR_004107,1,0.9861665990215593,1,1,1
VAR_000865,1,0.2507962554692198,0,0,0
VAR_002689,1,0.7058895603799145,1,1,1
VAR_001883,1,0.8376927711788843,1,1,1
VAR_002977,1,0.3929169593815874,0,0,1
VAR_006174,1,0.7734451159711262,1,1,1
VAR_004924,1,0.8141432966082607,1,1,1
VAR_005513,1,0.9807778478102288,1,1,1
VAR_000047,0,0.7662210736909895,1,1,1
VAR_002510,1,0.7890322605083139,1,1,1
VAR_001414,1,0.3358423931984805,0,0,0
VAR_005552,1,0.7637959108999686,1,1,1
VAR_004400,1,0.9304219423188914,1,1,1
VAR_000142,1,0.9226836383515337,1,1,1
VAR_003010,1,0.40948018360044247,0,0,1
VAR_004996,1,0.8319177949544506,1,1,1
VAR_004302,1,0.3011003506090672,0,0,0
VAR_002742,1,0.8818140796973281,1,1,1
VAR_004528,1,0.9470154264223398,1,1,1
VAR_004081,1,0.7589806142595429,1,1,1
VAR_004060,0,0.9760622674210192,1,1,1
VAR_005462,0,0.11575413318823408,0,0,0
VAR_005573,1,0.839292917860465,1,1,1
VAR_000240,1,0.8120784145482608,1,1,1
VAR_005996,1,0.7339330948651714,1,1,1
VAR_002137,1,0.9354686038640758,1,1,1
VAR_000841,1,0.5473868237941478,1,0,1
VAR_002516,0,0.9307766315443076,1,1,1
VAR_002127,0,0.42601203254763953,0,0,1
VAR_005536,1,0.7502336078139562,1,1,1
VAR_004480,0,0.644142782956604,1,1,1
VAR_000783,1,0.851680364736995,1,1,1
VAR_003902,1,0.39189217064450954,0,0,1
VAR_001653,1,0.8247480226909388,1,1,1
VAR_000513,0,0.7244677640570764,1,1,1
VAR_001554,1,0.7299810673185657,1,1,1
VAR_001379,1,0.8380372577824544,1,1,1
VAR_004800,0,0.10528370581248847,0,0,0
VAR_001174,1,0.4230614061698261,0,0,1
VAR_000069,1,0.9153236710040403,1,1,1
VAR_004027,1,0.6128896430983778,1,1,1
VAR_004401,1,0.9886182754388256,1,1,1
VAR_000729,1,0.9062243110598818,1,1,1
VAR_003961,1,0.9193661258119692,1,1,1
VAR_005455,1,0.9873437838936264,1,1,1
VAR_002587,1,0.9747228700936003,1,1,1
VAR_002403,0,0.10031399381132591,0,0,0
VAR_004881,1,0.4468953124251906,0,0,1
VAR_005859,1,0.9313293769390206,1,1,1
VAR_005282,1,0.5131396223091066,1,0,1
VAR_001143,1,0.9865465487443884,1,1,1
VAR_003067,0,0.8970900453466333,1,1,1
VAR_003679,1,0.9329409246553007,1,1,1
VAR_003411,1,0.5007656499118924,1,0,1
VAR_002869,1,0.9655752483527199,1,1,1
VAR_000289,1,0.9189208715927757,1,1,1
VAR_001816,1,0.7970510738285514,1,1,1
VAR_002265,1,0.7181533868931647,1,1,1
VAR_004348,0,0.6400422734369768,1,1,1
VAR_005185,1,0.9299205788250695,1,1,1
VAR_003910,1,0.6134927571172479,1,1,1
VAR_000676,1,0.8598125098455001,1,1,1
VAR_001343,0,0.42601203254763953,0,0,1
VAR_000196,1,0.629888854293813,1,1,1
VAR_000303,1,0.9336430911247023,1,1,1
VAR_005350,1,0.9652009741777132,1,1,1
VAR_005995,1,0.4603484609127354,0,0,1
VAR_000967,1,0.9563904749744462,1,1,1
VAR_006149,1,0.9634765939739096,1,1,1
VAR_000987,1,0.9661990225157264,1,1,1
VAR_002047,1,0.9500017369358705,1,1,1
VAR_003248,1,0.9381855372824016,1,1,1
VAR_002920,0,0.639484475475616,1,1,1
VAR_002178,1,0.8385571076123176,1,1,1
VAR_002581,1,0.6532884330421127,1,1,1
VAR_000975,1,0.9698498792366619,1,1,1
VAR_004179,0,0.12195722012897087,0,0,0
VAR_000944,1,0.9889565741436809,1,1,1
VAR_001950,1,0.9707160204923181,1,1,1
VAR_005354,1,0.9220847437514378,1,1,1
VAR_003536,1,0.9189999367303107,1,1,1
VAR_002786,1,0.8795141184377543,1,1,1
VAR_002464,1,0.9730775995342598,1,1,1
VAR_003026,1,0.6713599609591214,1,1,1
VAR_002252,0,0.16931995214883927,0,0,0
VAR_000041,1,0.8946203494029977,1,1,1
VAR_004929,0,0.819445520796157,1,1,1
VAR_004351,1,0.8449740632140283,1,1,1
VAR_005283,1,0.867069901435358,1,1,1
VAR_005517,1,0.9616490969107111,1,1,1
VAR_004725,1,0.9249693766704264,1,1,1
VAR_001518,0,0.4401099374159651,0,0,1
VAR_002536,1,0.7856099248834819,1,1,1
VAR_001941,1,0.5974127226813585,1,1,1
VAR_001094,1,0.9231437105960775,1,1,1
VAR_000282,1,0.9894703251289132,1,1,1
VAR_001420,0,0.708090264561019,1,1,1
VAR_004251,1,0.9698749735895856,1,1,1
VAR_002445,1,0.8137870761379548,1,1,1
VAR_004126,1,0.7154467705658843,1,1,1
VAR_003167,1,0.8684337720522746,1,1,1
VAR_003241,1,0.42601203254763953,0,0,1
VAR_004718,1,0.8037812797655081,1,1,1
VAR_003174,1,0.8888294415293924,1,1,1
VAR_005248,1,0.8742938924546347,1,1,1
VAR_001844,1,0.929210059307892,1,1,1
VAR_000974,1,0.9484721278092102,1,1,1
VAR_003836,1,0.9146533797831217,1,1,1
VAR_006099,1,0.9366581001497488,1,1,1
VAR_000383,0,0.03670410070908275,0,0,0
VAR_001958,1,0.8043986931973001,1,1,1
VAR_004289,1,0.14617476830409853,0,0,0
VAR_000296,1,0.9493163673662279,1,1,1
VAR_002498,0,0.21438219879301393,0,0,0
VAR_004722,1,0.9257453707580291,1,1,1
VAR_002200,1,0.8453126357702367,1,1,1
VAR_003254,1,0.5456568291635652,1,0,1
VAR_000350,0,0.29871962655745443,0,0,0
VAR_000962,1,0.9701625406197931,1,1,1
VAR_000915,1,0.9648917169480845,1,1,1
VAR_000262,0,0.14810403099922906,0,0,0
VAR_005220,0,0.03235570965930121,0,0,0
VAR_002779,1,0.9371302426362789,1,1,1
VAR_006491,1,0.9815373455612576,1,1,1
VAR_003887,0,0.7810825478374005,1,1,1
VAR_003289,1,0.9750917139040951,1,1,1
VAR_005685,1,0.9678640936145775,1,1,1
VAR_000809,1,0.9719988494074775,1,1,1
VAR_000467,0,0.27144009236031036,0,0,0
VAR_000952,1,0.851271978504669,1,1,1
VAR_002623,1,0.9684526039442116,1,1,1
VAR_002951,0,0.8294427829851339,1,1,1
VAR_005165,1,0.9184775625199989,1,1,1
VAR_000799,0,0.15724437690629203,0,0,0
VAR_004608,0,0.6486713946964304,1,1,1
VAR_006431,0,0.863242951016635,1,1,1
VAR_006404,0,0.8983971712814371,1,1,1
VAR_005534,1,0.9488035060628672,1,1,1
VAR_004416,1,0.8356523803819664,1,1,1
VAR_000408,1,0.9776343378882709,1,1,1
VAR_002982,1,0.9098734811321192,1,1,1
VAR_002226,0,0.3287250891222446,0,0,0
VAR_000147,1,0.9138592743456674,1,1,1
VAR_003806,1,0.8903548556556011,1,1,1
VAR_002597,0,0.7131888363358392,1,1,1
VAR_000222,0,0.21792019135222657,0,0,0
VAR_003780,1,0.7083315835506805,1,1,1
VAR_002320,0,0.30850496948759076,0,0,0
VAR_002896,1,0.8418480733553058,1,1,1
VAR_004489,0,0.9433049015505537,1,1,1
VAR_000823,1,0.9798439933115055,1,1,1
VAR_000827,1,0.9925289399107518,1,1,1
VAR_004926,1,0.9314040961576203,1,1,1
VAR_005917,0,0.1293243030086697,0,0,0
VAR_001021,0,0.9658947055406248,1,1,1
VAR_003032,1,0.9687214519039125,1,1,1
VAR_003798,1,0.9796756721390821,1,1,1
VAR_002316,1,0.9497673759906181,1,1,1
VAR_002257,1,0.6943366341450661,1,1,1
VAR_002496,1,0.39189217064450954,0,0,1
VAR_002509,1,0.9588506163812881,1,1,1
VAR_001998,1,0.9778828968413577,1,1,1
VAR_002142,1,0.7391512787355207,1,1,1
VAR_006039,1,0.9045892102471201,1,1,1
VAR_003369,1,0.9595326089937372,1,1,1
VAR_005622,0,0.04339952459884567,0,0,0
VAR_002585,1,0.8622840809862581,1,1,1
VAR_001669,0,0.207582668180102,0,0,0
VAR_002000,1,0.8152049154677298,1,1,1
VAR_000088,0,0.23160210526856695,0,0,0
VAR_002893,1,0.5590808281432865,1,0,1
VAR_003858,1,0.7857153899592164,1,1,1
VAR_003765,0,0.29008196296344324,0,0,0
VAR_005048,1,0.7415869184014652,1,1,1
VAR_001479,0,0.7219132833305583,1,1,1
VAR_002481,1,0.8844062768600226,1,1,1
VAR_004646,0,0.43633155177141897,0,0,1
VAR_003416,1,0.9737189565352791,1,1,1
VAR_004950,0,0.1664407292808614,0,0,0
VAR_002050,1,0.8034758646191511,1,1,1
VAR_001758,0,0.18685341559071647,0,0,0
VAR_004345,1,0.9839076444488256,1,1,1
VAR_002466,1,0.9502539022221631,1,1,1
VAR_003240,1,0.3665250674308113,0,0,1
VAR_003285,1,0.8829193972428391,1,1,1
VAR_004417,1,0.9735060210207419,1,1,1
VAR_004647,1,0.5108476232410066,1,0,1
VAR_005994,1,0.39234217790858755,0,0,1
VAR_003045,1,0.8108018196869635,1,1,1
VAR_004392,1,0.8514310207239607,1,1,1
VAR_005387,0,0.1154220926532765,0,0,0
VAR_002179,1,0.9830269988222105,1,1,1
VAR_002308,1,0.8569408501333715,1,1,1
VAR_005908,1,0.6232385279373993,1,1,1
VAR_000990,1,0.9834413876140659,1,1,1
VAR_005200,1,0.8281235930834449,1,1,1
VAR_000095,1,0.878379891436204,1,1,1
VAR_003383,1,0.9399741608908604,1,1,1
VAR_000968,1,0.9126953750387072,1,1,1
VAR_000426,1,0.9821183625206886,1,1,1
VAR_005864,1,0.8587233400393155,1,1,1
VAR_001402,1,0.9426036422809454,1,1,1
VAR_002221,1,0.9926043357792538,1,1,1
VAR_000813,1,0.8138766169075161,1,1,1
VAR_005605,1,0.8939558731453284,1,1,1
VAR_003893,0,0.6717029929037607,1,1,1
VAR_001633,1,0.4401099374159651,0,0,1
VAR_004202,0,0.19098325519985085,0,0,0
VAR_001699,0,0.24796655298310086,0,0,0
VAR_004843,1,0.27355592918147625,0,0,0
VAR_005092,1,0.6225983185498691,1,1,1
VAR_005700,0,0.4073676699085837,0,0,1
VAR_001110,1,0.528490113624546,1,0,1
VAR_005503,1,0.946963596078501,1,1,1
VAR_002882,1,0.4884540398156221,0,0,1
VAR_004644,0,0.48145571656578723,0,0,1
VAR_001459,0,0.4401099374159651,0,0,1
VAR_004978,1,0.8702060458235698,1,1,1
VAR_004938,1,0.30843274579216573,0,0,0
VAR_004062,1,0.9676049523481807,1,1,1
VAR_006436,0,0.34991306341431905,0,0,0
VAR_000901,0,0.2520479067187449,0,0,0
VAR_000538,1,0.873961127947529,1,1,1
VAR_005055,0,0.02764425147917831,0,0,0
VAR_003377,1,0.8630867025627076,1,1,1
VAR_000532,1,0.7829838243561688,1,1,1
VAR_000265,1,0.4401099374159651,0,0,1
VAR_000038,1,0.9752735154670452,1,1,1
VAR_001347,1,0.9496754542145138,1,1,1
VAR_000371,0,0.13981542528833468,0,0,0
VAR_000162,1,0.9213877083367306,1,1,1
VAR_005905,1,0.9266449490053866,1,1,1
VAR_001038,0,0.8887776898818321,1,1,1
VAR_000939,1,0.9122105680873092,1,1,1
VAR_004144,0,0.9561551176161347,1,1,1
VAR_002814,1,0.9622773713717211,1,1,1
VAR_000852,1,0.9691594420080315,1,1,1
VAR_006566,1,0.8539061043315027,1,1,1
VAR_001884,1,0.6720277314133173,1,1,1
VAR_002454,1,0.8475982003258014,1,1,1
VAR_001584,1,0.3210749714342495,0,0,0
VAR_004150,0,0.5424353392963929,1,0,1
VAR_005733,0,0.15662039124462282,0,0,0
VAR_003270,1,0.9833431944123853,1,1,1
VAR_002877,1,0.6048132301808434,1,1,1
VAR_004112,1,0.9842118333704761,1,1,1
VAR_004321,1,0.2896172689709572,0,0,0
VAR_003293,1,0.9239557735480864,1,1,1
VAR_002234,1,0.9252275074761833,1,1,1
VAR_002630,1,0.9420051056791805,1,1,1
VAR_000941,1,0.9802308711114408,1,1,1
VAR_000923,0,0.20533514912898404,0,0,0
VAR_005640,0,0.02920498556279935,0,0,0
VAR_002515,1,0.588766169066196,1,0,1
VAR_001586,1,0.8289461234402115,1,1,1
VAR_005401,1,0.9569734560214613,1,1,1
VAR_005476,0,0.06985247970971205,0,0,0
VAR_005765,1,0.9413276156698416,1,1,1
VAR_005795,1,0.9589413549443446,1,1,1
VAR_001774,1,0.9568704855945613,1,1,1
VAR_000010,0,0.1472645648520937,0,0,0
VAR_004777,1,0.7561496983552669,1,1,1
VAR_004418,1,0.9822711827703805,1,1,1
VAR_000912,1,0.9606886089550778,1,1,1
VAR_004096,0,0.2844052051784218,0,0,0
VAR_000167,1,0.8083548375502906,1,1,1
VAR_002486,0,0.040344309343648466,0,0,0
VAR_002488,1,0.08544766300560862,0,0,0
VAR_004072,1,0.9755527647427272,1,1,1
VAR_005715,1,0.8332975401303282,1,1,1
VAR_005072,1,0.8894849283248648,1,1,1
VAR_004962,1,0.7919332647880044,1,1,1
VAR_003442,0,0.019090422538915703,0,0,0
VAR_005992,1,0.3505398583981545,0,0,0
VAR_005128,1,0.953460054760323,1,1,1
VAR_004419,1,0.8607236582220117,1,1,1
VAR_004779,1,0.9397467778483763,1,1,1
VAR_002482,0,0.20637823994686205,0,0,0
VAR_005177,1,0.639753189651398,1,1,1
VAR_006197,0,0.9041650109909845,1,1,1
VAR_002657,1,0.967600260690499,1,1,1
VAR_001486,1,0.4042773543313824,0,0,1
VAR_003313,0,0.6788276564292047,1,1,1
VAR_005017,1,0.9292458060378579,1,1,1
VAR_006178,1,0.8882518664298229,1,1,1
VAR_003143,1,0.9617096773197509,1,1,1
VAR_002154,1,0.9886309321983721,1,1,1
VAR_000331,1,0.9360182434529258,1,1,1
VAR_004331,0,0.4572916634205537,0,0,1
VAR_006153,1,0.6943590408481076,1,1,1
VAR_005061,1,0.40103185125164764,0,0,1
VAR_006091,1,0.3307709770660667,0,0,0
VAR_006263,1,0.9045825787967591,1,1,1
VAR_004842,1,0.5760147736290394,1,0,1
VAR_004824,1,0.710468291066671,1,1,1
VAR_003865,1,0.6562640826262822,1,1,1
VAR_002601,0,0.30464114676244763,0,0,0
VAR_001092,0,0.9111076305450728,1,1,1
VAR_003664,1,0.8969265356634111,1,1,1
VAR_003804,1,0.6683408381254747,1,1,1
VAR_000638,1,0.8735181391169357,1,1,1
VAR_001980,1,0.9770238369390742,1,1,1
VAR_000292,1,0.8774697572355864,1,1,1
VAR_003281,1,0.8979370154442523,1,1,1
VAR_001283,0,0.08589299892463513,0,0,0
VAR_004113,1,0.983470674912506,1,1,1
VAR_000283,1,0.9225459810582148,1,1,1
VAR_001383,1,0.7844005605096589,1,1,1
VAR_006582,1,0.17479352738742904,0,0,0
VAR_000862,0,0.3458673387323501,0,0,0
VAR_001388,1,0.39189217064450954,0,0,1
VAR_004454,0,0.10128583825032657,0,0,0
VAR_001405,1,0.39189217064450954,0,0,1
VAR_005710,1,0.9896872167115978,1,1,1
VAR_004051,1,0.944538276247613,1,1,1
VAR_001401,0,0.4046265651110142,0,0,1
VAR_004167,0,0.0580411291437175,0,0,0
VAR_006045,1,0.943154247040423,1,1,1
VAR_005764,1,0.34476953580310005,0,0,0
VAR_003019,1,0.6317464222107116,1,1,1
VAR_001366,1,0.4401099374159651,0,0,1
VAR_005784,1,0.9128517005219299,1,1,1
VAR_004758,0,0.025499458384398214,0,0,0
VAR_000241,1,0.9307436836255041,1,1,1
VAR_000429,1,0.9169088744887862,1,1,1
VAR_002292,0,0.37304001637036965,0,0,1
VAR_004468,1,0.7003396653187548,1,1,1
VAR_002223,1,0.8877015636783409,1,1,1
VAR_002527,0,0.07138929641725497,0,0,0
VAR_006521,1,0.9579826632465641,1,1,1
VAR_006253,1,0.7205716818342679,1,1,1
VAR_005090,0,0.06562984954926403,0,0,0
VAR_000684,1,0.9586578251725368,1,1,1
VAR_000022,1,0.8879314765699252,1,1,1
VAR_000231,1,0.6950192761542997,1,1,1
VAR_000278,1,0.6471909888926605,1,1,1
VAR_004848,0,0.47574255316681446,0,0,1
VAR_003016,0,0.7435924286047471,1,1,1
VAR_002825,1,0.9011446387403991,1,1,1
VAR_000844,1,0.8937080706556505,1,1,1
VAR_002610,0,0.5034262392106078,1,0,1
VAR_001319,0,0.9209614814737577,1,1,1
VAR_001994,1,0.6727766041465988,1,1,1
VAR_000811,1,0.9428142147326098,1,1,1
VAR_000530,1,0.924878184625761,1,1,1
VAR_004042,1,0.8492789532127933,1,1,1
VAR_006165,1,0.9648610172145597,1,1,1
VAR_005406,1,0.8078523676137556,1,1,1
VAR_001363,1,0.4401099374159651,0,0,1
VAR_002452,1,0.5180308354967968,1,0,1
VAR_000320,0,0.13589379137425506,0,0,0
VAR_001839,1,0.7615264944943746,1,1,1
VAR_002168,1,0.9503188946077171,1,1,1
VAR_006199,0,0.9155267636604344,1,1,1
VAR_001418,1,0.39189217064450954,0,0,1
VAR_004084,0,0.3061826432954123,0,0,0
VAR_000059,1,0.8762475007967888,1,1,1
VAR_002993,1,0.9337183642317056,1,1,1
VAR_003042,1,0.9309072538070092,1,1,1
VAR_005843,1,0.9154886460288656,1,1,1
VAR_002948,1,0.8975975969510136,1,1,1
VAR_003678,1,0.8688478026872372,1,1,1
VAR_002661,1,0.7070742663305623,1,1,1
VAR_002735,1,0.6269545928107163,1,1,1
VAR_004016,1,0.849042991611943,1,1,1
VAR_004541,1,0.8744982511147567,1,1,1
VAR_003036,1,0.9551937353740737,1,1,1
VAR_005184,1,0.7484122392328946,1,1,1
VAR_004070,1,0.920156907410926,1,1,1
VAR_006070,0,0.6852701438787714,1,1,1
VAR_005578,1,0.907885696538544,1,1,1
VAR_003861,1,0.9514465661962921,1,1,1
VAR_002208,1,0.880089774805014,1,1,1
VAR_000211,1,0.9465215833493088,1,1,1
VAR_005246,1,0.9843120773496223,1,1,1
VAR_000174,1,0.8337382102540939,1,1,1
VAR_004110,1,0.8054189061620091,1,1,1
VAR_004508,1,0.8986332436040114,1,1,1
VAR_003419,1,0.9128583213564023,1,1,1
VAR_002721,1,0.8494933241064127,1,1,1
VAR_002299,1,0.8447075994502742,1,1,1
VAR_005145,1,0.8009162810209903,1,1,1
VAR_000571,1,0.967895668088392,1,1,1
VAR_004208,0,0.39189217064450954,0,0,1
VAR_001009,1,0.9844990400684452,1,1,1
VAR_003375,1,0.872890169948864,1,1,1
VAR_004352,1,0.849897821736884,1,1,1
VAR_004268,0,0.12126531469477082,0,0,0
VAR_001783,1,0.8699512995619033,1,1,1
VAR_004766,1,0.2521713953687495,0,0,0
VAR_005032,1,0.9216243549742311,1,1,1
VAR_002928,1,0.9818368720524386,1,1,1
VAR_002855,1,0.5930694559926186,1,0,1
VAR_002576,1,0.9656860307234814,1,1,1
VAR_006182,1,0.9346019987667524,1,1,1
VAR_001976,1,0.11789650882838415,0,0,0
VAR_004583,0,0.5891309922365617,1,0,1
VAR_003345,1,0.8237689237002381,1,1,1
VAR_002003,0,0.14424334357006222,0,0,0
VAR_000266,1,0.5399424254257693,1,0,1
VAR_000328,1,0.9154638044731955,1,1,1
VAR_000697,1,0.7055094834854446,1,1,1
VAR_005157,1,0.7129429451844856,1,1,1
VAR_002423,1,0.7793170505465845,1,1,1
VAR_001037,1,0.969359521336237,1,1,1
VAR_003908,0,0.17290815702726045,0,0,0
VAR_006596,1,0.19777397530410937,0,0,0
VAR_000517,0,0.1464672358044838,0,0,0
VAR_001908,0,0.05561974656593011,0,0,0
VAR_003756,1,0.44918500880638274,0,0,1
VAR_001306,0,0.42102955170790285,0,0,1
VAR_000957,1,0.7572464894160326,1,1,1
VAR_000497,1,0.8570432066786391,1,1,1
VAR_000169,1,0.8617630305317217,1,1,1
VAR_002204,1,0.9196705786839483,1,1,1
VAR_001028,1,0.5813770500063662,1,0,1
VAR_002201,1,0.9311261494045702,1,1,1
VAR_004923,1,0.9382028322679805,1,1,1
VAR_001555,1,0.4401099374159651,0,0,1
VAR_001575,1,0.42601203254763953,0,0,1
VAR_000373,0,0.2753145051335169,0,0,0
VAR_004847,1,0.9566807978434788,1,1,1
VAR_002680,1,0.7609536589719729,1,1,1
VAR_001226,1,0.670796592958157,1,1,1
VAR_002360,1,0.850817786236024,1,1,1
VAR_001789,0,0.2620432570738594,0,0,0
VAR_003525,1,0.4987569511737798,0,0,1
VAR_005342,0,0.06708203864638064,0,0,0
VAR_002309,1,0.8788377878929392,1,1,1
VAR_005245,1,0.9922165236315094,1,1,1
VAR_001124,1,0.3809613244937412,0,0,1
VAR_000812,1,0.9465084580943925,1,1,1
VAR_000779,1,0.909064406650463,1,1,1
VAR_002571,0,0.2108367807711683,0,0,0
VAR_004298,1,0.3848159429660719,0,0,1
VAR_006356,0,0.42601203254763953,0,0,1
VAR_004152,0,0.3318475562608157,0,0,0
VAR_002717,1,0.8550770173437411,1,1,1
VAR_001255,1,0.931683663641646,1,1,1
VAR_003459,1,0.9776066663312092,1,1,1
VAR_003041,1,0.8457599702391828,1,1,1
VAR_005518,1,0.8999654530557314,1,1,1
VAR_004185,0,0.016178732422113776,0,0,0
VAR_002852,1,0.9028330639871502,1,1,1
VAR_002006,1,0.4240778899708695,0,0,1
VAR_001970,1,0.8805466310075956,1,1,1
VAR_001417,1,0.4401099374159651,0,0,1
VAR_005159,1,0.9186021887255423,1,1,1
VAR_001793,1,0.9401767593868176,1,1,1
VAR_005410,0,0.4411625346745159,0,0,1
VAR_003144,1,0.9877866754829122,1,1,1
VAR_005707,1,0.9640221381113294,1,1,1
VAR_000135,1,0.8359410767430506,1,1,1
VAR_005481,1,0.8356650059414041,1,1,1
VAR_000621,1,0.4744881532208282,0,0,1
VAR_003370,1,0.7027247839897393,1,1,1
VAR_000476,1,0.6863432576951196,1,1,1
VAR_005187,1,0.3585166030756369,0,0,1
VAR_002872,1,0.8834544862625674,1,1,1
VAR_004791,0,0.20575205045929915,0,0,0
VAR_001317,0,0.41469686710743925,0,0,1
VAR_005853,1,0.9813861540538756,1,1,1
VAR_001517,0,0.7518249466709995,1,1,1
VAR_006166,1,0.95550512015835,1,1,1
VAR_006339,1,0.9573659938625093,1,1,1
VAR_002803,1,0.9485850747551321,1,1,1
VAR_001836,0,0.04268998021085933,0,0,0
VAR_001701,1,0.8523224717888023,1,1,1
VAR_006239,0,0.039149613923008544,0,0,0
VAR_001736,0,0.028708952285974643,0,0,0
VAR_005016,1,0.6382968713327662,1,1,1
VAR_006560,0,0.06623607897674155,0,0,0
VAR_002856,1,0.9474599650928899,1,1,1
VAR_006498,1,0.9063412861664042,1,1,1
VAR_000411,0,0.7358474061638507,1,1,1
VAR_006264,1,0.9564317660006585,1,1,1
VAR_005051,0,0.6638011697151156,1,1,1
VAR_002888,1,0.6541375430530028,1,1,1
VAR_001709,0,0.7982185107159121,1,1,1
VAR_001788,1,0.8671338660237904,1,1,1
VAR_001803,1,0.9511953635847186,1,1,1
VAR_003017,1,0.9760890214830372,1,1,1
VAR_006573,0,0.981476137850923,1,1,1
VAR_000374,1,0.8555120363007306,1,1,1
VAR_001335,1,0.842678724104352,1,1,1
VAR_003568,0,0.9624248546681302,1,1,1
VAR_000236,1,0.6384083089653275,1,1,1
VAR_006277,0,0.40074602695970124,0,0,1
VAR_004098,0,0.1164114645680767,0,0,0
VAR_000306,0,0.06237180764836431,0,0,0
VAR_005617,1,0.9647987244160902,1,1,1
VAR_000792,1,0.6136080730248539,1,1,1
VAR_002407,0,0.10234938787980567,0,0,0
VAR_006350,1,0.8232641194765056,1,1,1
VAR_004250,1,0.4249429033900914,0,0,1
VAR_004574,1,0.9435589749317669,1,1,1
VAR_005010,1,0.5102823019954817,1,0,1
VAR_001711,1,0.47775285392954914,0,0,1
VAR_001251,1,0.940004638136013,1,1,1
VAR_004854,1,0.752287412868894,1,1,1
VAR_004994,0,0.30282416198750267,0,0,0
VAR_004707,0,0.28010015167231683,0,0,0
VAR_005641,0,0.11225519845202488,0,0,0
VAR_003245,0,0.5572729926638983,1,0,1
VAR_002819,1,0.8487118369129975,1,1,1
VAR_005183,1,0.9570289735879397,1,1,1
VAR_000415,1,0.4042773543313824,0,0,1
VAR_000528,1,0.9258693838002089,1,1,1
VAR_005162,1,0.8789754588732637,1,1,1
VAR_001440,1,0.7599712952035983,1,1,1
VAR_004809,1,0.8179438009733633,1,1,1
VAR_001117,1,0.9864586056863524,1,1,1
VAR_004901,1,0.9318478694001086,1,1,1
VAR_005985,0,0.4701806369334766,0,0,1
VAR_006503,1,0.8883842736903639,1,1,1
VAR_004713,1,0.9481178835829357,1,1,1
VAR_000531,1,0.9806991202458861,1,1,1
VAR_005769,1,0.9778373256946331,1,1,1
VAR_005551,1,0.9820542751939243,1,1,1
VAR_005365,1,0.4046265651110142,0,0,1
VAR_002985,1,0.3616940347078486,0,0,1
VAR_003960,1,0.9585081208241577,1,1,1
VAR_005695,1,0.9003427671054162,1,1,1
VAR_002259,1,0.42601203254763953,0,0,1
VAR_003986,1,0.8621329189826205,1,1,1
VAR_001723,0,0.9127333097043429,1,1,1
VAR_003860,1,0.9252012861570414,1,1,1
VAR_003857,1,0.9160756315225816,1,1,1
VAR_002839,1,0.8933533860704129,1,1,1
VAR_001825,1,0.7446106251851655,1,1,1
VAR_000288,1,0.6103941514971196,1,1,1
VAR_002998,1,0.21129815488243867,0,0,0
VAR_003412,1,0.9750168407021453,1,1,1
VAR_005234,0,0.25415959461106424,0,0,0
VAR_000795,0,0.31020499212202085,0,0,0
VAR_004550,1,0.9528809187882289,1,1,1
VAR_000141,1,0.9028715468273162,1,1,1
VAR_002628,1,0.9149942019839055,1,1,1
VAR_005492,1,0.9574600248120738,1,1,1
VAR_003502,0,0.5962536709224695,1,0,1
VAR_000527,1,0.6042900052525646,1,1,1
VAR_003859,1,0.88201289846153,1,1,1
VAR_000299,0,0.10888300013398987,0,0,0
VAR_004281,1,0.4292938571864857,0,0,1
VAR_001698,1,0.9082722357754025,1,1,1
VAR_004815,1,0.8583473858618705,1,1,1
VAR_002494,0,0.052833431994386754,0,0,0
VAR_001818,1,0.8592764700902678,1,1,1
VAR_004386,1,0.8490999814790736,1,1,1
VAR_006305,0,0.5210543816412613,1,0,1
VAR_005135,1,0.9399344479498898,1,1,1
VAR_004736,0,0.10332805723325729,0,0,0
VAR_004012,1,0.9502937773162589,1,1,1
VAR_003708,0,0.4333116681910823,0,0,1
VAR_004230,1,0.4475302936751693,0,0,1
VAR_002175,1,0.8341986613177563,1,1,1
VAR_000905,1,0.818207624067597,1,1,1
VAR_000412,0,0.4401099374159651,0,0,1
VAR_001146,1,0.9913650332468602,1,1,1
VAR_000683,1,0.574903191683362,1,0,1
VAR_002263,1,0.9700892861571966,1,1,1
VAR_001738,0,0.4442347184523346,0,0,1
VAR_001225,0,0.470124967004351,0,0,1
VAR_004585,1,0.9563708475539564,1,1,1
VAR_004080,1,0.9082904056105361,1,1,1
VAR_005544,1,0.48694711870791757,0,0,1
VAR_003977,0,0.32862293994281855,0,0,0
VAR_000661,1,0.9179006872630779,1,1,1
VAR_000489,1,0.8632659258435825,1,1,1
VAR_002655,1,0.9731038230819048,1,1,1
VAR_004097,0,0.5372818880104708,1,0,1
VAR_004279,1,0.5872405796222355,1,0,1
VAR_000485,1,0.4637471343560633,0,0,1
VAR_004821,0,0.09627791948040719,0,0,0
VAR_004615,0,0.5922627888895263,1,0,1
VAR_006159,0,0.2753378562928012,0,0,0
VAR_002183,1,0.9799184224488581,1,1,1
VAR_003247,1,0.9600891255127271,1,1,1
VAR_001651,0,0.42601203254763953,0,0,1
VAR_001528,1,0.39189217064450954,0,0,1
VAR_004399,1,0.7931135720507053,1,1,1
VAR_005496,1,0.934183053561809,1,1,1
VAR_004394,1,0.8845825991772809,1,1,1
VAR_005586,1,0.983883110382614,1,1,1
VAR_004748,1,0.8200339007070713,1,1,1
VAR_004731,1,0.9663957387220407,1,1,1
VAR_001751,1,0.15742186621629703,0,0,0
VAR_001056,0,0.11305535988306563,0,0,0
VAR_002210,1,0.9685212833552371,1,1,1
VAR_000250,1,0.12696765221625314,0,0,0
VAR_006509,1,0.7990257953730879,1,1,1
VAR_003923,1,0.582928396901987,1,0,1
VAR_005346,1,0.9746072138410922,1,1,1
VAR_001149,1,0.6708977365660137,1,1,1
VAR_001842,1,0.8533891309556615,1,1,1
VAR_002186,0,0.8705669907855799,1,1,1
VAR_003911,1,0.42601203254763953,0,0,1
VAR_000355,1,0.9054695188794191,1,1,1
VAR_000195,1,0.8802339653356196,1,1,1
VAR_000001,0,0.11383240265966205,0,0,0
VAR_004872,1,0.86545164795247,1,1,1
VAR_000933,1,0.9591657943686297,1,1,1
VAR_000460,0,0.08652439431530227,0,0,0
VAR_001824,1,0.9898718217235544,1,1,1
VAR_000958,1,0.9815037683659814,1,1,1
VAR_000607,1,0.7342730640509145,1,1,1
VAR_002842,1,0.9326002172535575,1,1,1
VAR_001044,0,0.9597733845616212,1,1,1
VAR_005538,0,0.09125963856778542,0,0,0
VAR_006511,0,0.8138693520563457,1,1,1
VAR_000026,0,0.1397660632157812,0,0,0
VAR_001897,1,0.9492518442928888,1,1,1
VAR_005258,0,0.31425683610445715,0,0,0
VAR_006360,1,0.4401099374159651,0,0,1
VAR_001395,1,0.42601203254763953,0,0,1
VAR_000126,1,0.9254120050980916,1,1,1
VAR_000399,1,0.7659099208678357,1,1,1
VAR_003992,0,0.6704493136939145,1,1,1
VAR_002439,1,0.8384163395781637,1,1,1
VAR_001798,1,0.259964208258668,0,0,0
VAR_001726,0,0.29825559614776953,0,0,0
VAR_001924,1,0.5594205410607339,1,0,1
VAR_002469,1,0.5209610580093593,1,0,1
VAR_002524,1,0.8104121825921539,1,1,1
VAR_005094,1,0.9001126441123706,1,1,1
VAR_003340,0,0.7753258786839807,1,1,1
VAR_002627,1,0.7254316817794955,1,1,1
VAR_005691,1,0.8931701689971939,1,1,1
VAR_001034,0,0.2846090830490291,0,0,0
VAR_002840,1,0.8776303668108381,1,1,1
VAR_000400,1,0.9423735677961188,1,1,1
VAR_003702,0,0.056193372157801576,0,0,0
VAR_004138,1,0.8035314509189627,1,1,1
VAR_002681,1,0.9179156081530991,1,1,1
VAR_001636,1,0.3721496651586943,0,0,1
VAR_000181,1,0.967076840687451,1,1,1
VAR_003982,1,0.9691393172199432,1,1,1
VAR_003594,0,0.5224721321132406,1,0,1
VAR_000177,1,0.624955986595549,1,1,1
VAR_002775,1,0.6655100056707544,1,1,1
VAR_001256,1,0.8900115702803224,1,1,1
VAR_000836,0,0.32076676587702435,0,0,0
VAR_000658,0,0.06096298636145429,0,0,0
VAR_005404,1,0.9817193173635348,1,1,1
VAR_000293,1,0.9875267736561983,1,1,1
VAR_003151,1,0.316720434393811,0,0,0
VAR_000770,0,0.1935633934456681,0,0,0
VAR_006188,0,0.5832937459932495,1,0,1
VAR_001600,0,0.7818992429986736,1,1,1
VAR_002206,1,0.9657588228825916,1,1,1
VAR_005292,1,0.605876332279254,1,1,1
VAR_003368,0,0.8869146675294096,1,1,1
VAR_003757,1,0.8636254992453776,1,1,1
VAR_001892,1,0.9352010028439508,1,1,1
VAR_005595,0,0.09273026763678636,0,0,0
VAR_002207,0,0.8553683079149714,1,1,1
VAR_004721,1,0.9173077048830365,1,1,1
VAR_006320,1,0.8115271318810953,1,1,1
VAR_006175,1,0.9312606643974344,1,1,1
VAR_004475,1,0.9178984574606557,1,1,1
VAR_003571,0,0.2458650256505765,0,0,0
VAR_005849,0,0.0790843543463302,0,0,0
VAR_000223,1,0.8136485169945404,1,1,1
VAR_003164,0,0.16248579822145137,0,0,0
VAR_005870,1,0.4042773543313824,0,0,1
VAR_000673,1,0.8764129977519487,1,1,1
VAR_005289,1,0.4478205182562787,0,0,1
VAR_001799,1,0.19857337203861508,0,0,0
VAR_003539,0,0.9189927679808034,1,1,1
VAR_002531,1,0.9322124181543294,1,1,1
VAR_000670,1,0.9856404736690567,1,1,1
VAR_004762,0,0.08513255042683245,0,0,0
VAR_004560,1,0.8215390589342739,1,1,1
VAR_001030,1,0.9100339406053474,1,1,1
VAR_003043,1,0.9033526651609127,1,1,1
VAR_006110,1,0.953188534833765,1,1,1
VAR_005153,1,0.5439431799349108,1,0,1
VAR_001494,1,0.4046265651110142,0,0,1
VAR_005083,1,0.9542370469884863,1,1,1
VAR_006282,1,0.39189217064450954,0,0,1
VAR_006565,1,0.9692722186783206,1,1,1
VAR_003286,1,0.9194669799990716,1,1,1
VAR_000679,0,0.3081397688970027,0,0,0
VAR_001702,1,0.9538750560402491,1,1,1
VAR_001753,1,0.7526440359131705,1,1,1
VAR_005391,0,0.07310576402643905,0,0,0
VAR_000154,1,0.79584348532943,1,1,1
VAR_002906,1,0.8757838666866217,1,1,1
VAR_000304,1,0.9277754927895856,1,1,1
VAR_003493,1,0.08239427216920384,0,0,0
VAR_002258,1,0.42601203254763953,0,0,1
VAR_002378,1,0.9721351667583594,1,1,1
VAR_004073,1,0.9874183228174245,1,1,1
VAR_005352,1,0.8621386016322636,1,1,1
VAR_005612,1,0.8539655805522652,1,1,1
VAR_000076,1,0.923103940243819,1,1,1
VAR_001781,1,0.8790516042508582,1,1,1
VAR_005194,1,0.914070096483687,1,1,1
VAR_000604,0,0.29839649608505053,0,0,0
VAR_001940,1,0.9543508322516403,1,1,1
VAR_001397,1,0.4042773543313824,0,0,1
VAR_000189,1,0.9046083936080934,1,1,1
VAR_000587,0,0.7955413806483347,1,1,1
VAR_000452,1,0.8803127483675749,1,1,1
VAR_003436,0,0.39383085658965894,0,0,1
VAR_005582,1,0.9105232765034511,1,1,1
VAR_002243,1,0.7100573454675789,1,1,1
VAR_005604,1,0.9021345423786118,1,1,1
VAR_002941,1,0.8890964703525178,1,1,1
VAR_001398,1,0.7448592376061687,1,1,1
VAR_006326,1,0.9347809190024399,1,1,1
VAR_000380,1,0.5274292396816934,1,0,1
VAR_002994,1,0.8913500761494835,1,1,1
VAR_005682,1,0.9897917132086442,1,1,1
VAR_004837,1,0.7035355890399247,1,1,1
VAR_001235,1,0.8573106631406585,1,1,1
VAR_004703,0,0.49410505401540383,0,0,1
VAR_002586,0,0.9719152664885236,1,1,1
VAR_006139,1,0.8905319026488564,1,1,1
VAR_002763,1,0.9081426856892425,1,1,1
VAR_000822,0,0.3375573306145334,0,0,0
VAR_006475,1,0.96431947982935,1,1,1
VAR_005800,1,0.6542498885720834,1,1,1
VAR_004967,0,0.12079394928309373,0,0,0
VAR_003957,1,0.6075136708427167,1,1,1
VAR_004215,0,0.275152447993106,0,0,0
VAR_006314,1,0.9651768508641926,1,1,1
VAR_006217,1,0.39189217064450954,0,0,1
VAR_003085,1,0.3997277913311724,0,0,1
VAR_005075,1,0.9816679746335523,1,1,1
VAR_005520,1,0.920092395783025,1,1,1
VAR_001982,1,0.7026548747667091,1,1,1
VAR_001260,1,0.7523374803602761,1,1,1
VAR_000839,0,0.23190469308869974,0,0,0
VAR_005786,1,0.8723800432625061,1,1,1
VAR_002254,1,0.4042773543313824,0,0,1
VAR_000546,0,0.4494630905574955,0,0,1
VAR_005434,1,0.8350332720947801,1,1,1
VAR_000486,1,0.6438851000864447,1,1,1
VAR_000102,0,0.46303486563909224,0,0,1
VAR_004569,1,0.6582146190491719,1,1,1
VAR_002622,1,0.8301761023858012,1,1,1
VAR_003733,1,0.9066967856491754,1,1,1
VAR_002686,1,0.9061999289065794,1,1,1
VAR_005285,1,0.39189217064450954,0,0,1
VAR_000569,1,0.9657746578639834,1,1,1
VAR_001963,1,0.8701531447509098,1,1,1
VAR_001942,1,0.8984427607280666,1,1,1
VAR_000473,1,0.3338888961893093,0,0,0
VAR_005373,0,0.46496901168433147,0,0,1
VAR_002848,1,0.8606821058418144,1,1,1
VAR_002880,1,0.8523429833522612,1,1,1
VAR_000826,1,0.9024758613799363,1,1,1
VAR_002795,1,0.7029498722013264,1,1,1
VAR_004744,0,0.051699122289688065,0,0,0
VAR_004903,1,0.8081971316014804,1,1,1
VAR_002611,0,0.5537544682197113,1,0,1
VAR_001686,1,0.8976472365041983,1,1,1
VAR_002350,1,0.7304590869534622,1,1,1
VAR_001926,1,0.8768619796962256,1,1,1
VAR_005472,1,0.8967720667852193,1,1,1
VAR_004197,0,0.38701694140901877,0,0,1
VAR_005099,1,0.8498779669956019,1,1,1
VAR_003521,1,0.35537130976894826,0,0,0
VAR_006458,1,0.9414562276256376,1,1,1
VAR_005694,0,0.8645501442906492,1,1,1
VAR_000916,1,0.9179340249241768,1,1,1
VAR_004410,0,0.6764072015995793,1,1,1
VAR_002865,1,0.9164131913492689,1,1,1
VAR_004000,0,0.11712492404989933,0,0,0
VAR_002448,1,0.7165991230648143,1,1,1
VAR_003125,1,0.8957335101885237,1,1,1
VAR_004007,1,0.9023779846290099,1,1,1
VAR_003300,0,0.10425485138447307,0,0,0
VAR_001854,0,0.6948871849129176,1,1,1
VAR_003256,1,0.9382597717444241,1,1,1
VAR_006569,1,0.6930501546389451,1,1,1
VAR_004225,1,0.42601203254763953,0,0,1
VAR_000969,1,0.9177074826004478,1,1,1
VAR_006346,1,0.984524620382875,1,1,1
VAR_002167,1,0.9895905021361847,1,1,1
VAR_005147,1,0.39189217064450954,0,0,1
VAR_004500,1,0.39189217064450954,0,0,1
VAR_000855,1,0.7505256044715802,1,1,1
VAR_002080,1,0.3975782426700485,0,0,1
VAR_005755,1,0.5446943907060917,1,0,1
VAR_006042,1,0.8928085498774322,1,1,1
VAR_001735,0,0.17938332832832285,0,0,0
VAR_004435,1,0.7659377378910743,1,1,1
VAR_000534,1,0.8635280309720295,1,1,1
VAR_000765,1,0.7261233753161243,1,1,1
VAR_002663,1,0.9324618563002995,1,1,1
VAR_003209,0,0.07450023135062067,0,0,0
VAR_004472,1,0.8080342911887614,1,1,1
VAR_006090,1,0.49474347762588283,0,0,1
VAR_000017,0,0.1522589629586832,0,0,0
VAR_001615,0,0.8855542299293769,1,1,1
VAR_001006,1,0.8930029856740443,1,1,1
VAR_002733,1,0.8602978672848315,1,1,1
VAR_003840,1,0.9201854614420899,1,1,1
VAR_000225,1,0.5076179578825648,1,0,1
VAR_001489,1,0.6568457403724174,1,1,1
VAR_003320,1,0.9481358028017167,1,1,1
VAR_002859,1,0.7025121939792098,1,1,1
VAR_005757,0,0.0712466217819649,0,0,0
VAR_002863,1,0.8837872127737657,1,1,1
VAR_001972,1,0.8985889092487268,1,1,1
VAR_004835,1,0.8005470404787275,1,1,1
VAR_006228,0,0.5463155789705879,1,0,1
VAR_002198,1,0.9617500978012368,1,1,1
VAR_001156,1,0.42703794670326894,0,0,1
VAR_001983,1,0.9691172256421723,1,1,1
VAR_002603,1,0.338848414145334,0,0,0
VAR_003126,1,0.7969291329732616,1,1,1
VAR_000188,1,0.9270691713311072,1,1,1
VAR_001202,1,0.9146814322571264,1,1,1
VAR_002463,1,0.6913991087795204,1,1,1
VAR_002144,1,0.9240246482379928,1,1,1
VAR_005171,1,0.6887185866312358,1,1,1
VAR_005217,1,0.8818254477038092,1,1,1
VAR_004914,1,0.8142998476256763,1,1,1
VAR_005107,1,0.9729201445519374,1,1,1
VAR_001890,0,0.13439400453509096,0,0,0
VAR_002010,1,0.9472421283183758,1,1,1
VAR_000337,1,0.9641130239497803,1,1,1
VAR_006080,1,0.7194709928604082,1,1,1
VAR_000617,1,0.9732897396548068,1,1,1
VAR_003316,0,0.976935930233545,1,1,1
VAR_001173,1,0.9040917240923003,1,1,1
VAR_005804,1,0.9821683746431356,1,1,1
VAR_001681,1,0.8429061017621146,1,1,1
VAR_002783,1,0.9463498424712959,1,1,1
VAR_004654,0,0.47201827099582633,0,0,1
VAR_003735,1,0.8922579066858182,1,1,1
VAR_002336,0,0.02593615815686978,0,0,0
VAR_000996,0,0.3141751719458267,0,0,0
VAR_002618,1,0.6672115163085652,1,1,1
VAR_006535,1,0.4708263189902285,0,0,1
VAR_000720,1,0.8426224814450467,1,1,1
VAR_005575,1,0.7435275628016793,1,1,1
VAR_002683,1,0.08265262270995791,0,0,0
VAR_002824,0,0.12206010944572226,0,0,0
VAR_003614,0,0.13809938665942023,0,0,0
VAR_001065,1,0.9697595353230392,1,1,1
VAR_000691,1,0.5990707548616214,1,1,1
VAR_002594,1,0.05079599468905827,0,0,0
VAR_004902,1,0.9719233364099288,1,1,1
VAR_003073,0,0.9486306691729556,1,1,1
VAR_000655,0,0.6329882113509601,1,1,1
VAR_003146,1,0.329679108524709,0,0,0
VAR_002823,1,0.9790288145910219,1,1,1
VAR_005778,1,0.8666291864554545,1,1,1
VAR_000924,1,0.974958588231729,1,1,1
VAR_002620,1,0.764140748380448,1,1,1
VAR_005867,1,0.8886595037103245,1,1,1
VAR_003460,0,0.05193556643772734,0,0,0
VAR_005689,0,0.3548932837125915,0,0,0
VAR_005160,1,0.944027738980583,1,1,1
VAR_003477,1,0.5909215758410648,1,0,1
VAR_003999,0,0.17652226744356264,0,0,0
VAR_002479,1,0.964541315854915,1,1,1
VAR_005137,1,0.9825657823481424,1,1,1
VAR_005141,1,0.9534778473709031,1,1,1
VAR_002713,0,0.7056219096213768,1,1,1
VAR_003755,1,0.8115101855071375,1,1,1
VAR_002891,1,0.9666496521263724,1,1,1
VAR_000719,1,0.9618791871434021,1,1,1
VAR_000488,1,0.1372987106756174,0,0,0
VAR_001096,1,0.9778258753149958,1,1,1
VAR_002165,1,0.9718033844074662,1,1,1
VAR_000338,0,0.34625024670598537,0,0,0
VAR_004723,1,0.9055934008861782,1,1,1
VAR_002125,0,0.18904337059934487,0,0,0
VAR_001358,0,0.4046265651110142,0,0,1
VAR_002001,1,0.9127215954019086,1,1,1
VAR_004753,0,0.02751785810777104,0,0,0
VAR_000854,1,0.9273646884074669,1,1,1
VAR_000726,0,0.09303950361901082,0,0,0
VAR_004333,0,0.5831843239059398,1,0,1
VAR_001179,1,0.9086380890421769,1,1,1
VAR_001873,1,0.7520133566104149,1,1,1
VAR_001400,1,0.5583332270839252,1,0,1
VAR_001750,1,0.19157880910723227,0,0,0
VAR_003180,0,0.14743977551236134,0,0,0
VAR_006323,0,0.04531055456034417,0,0,0
VAR_005720,0,0.7822682307563628,1,1,1
VAR_005392,0,0.21270417867481828,0,0,0
VAR_005186,1,0.1431253345832742,0,0,0
VAR_002065,0,0.14332835278214245,0,0,0
VAR_002769,1,0.684511862576487,1,1,1
VAR_006537,0,0.9042527021816943,1,1,1
VAR_006381,1,0.9659210705868277,1,1,1
VAR_001719,0,0.06951028324653451,0,0,0
VAR_002631,1,0.561679944765617,1,0,1
VAR_006145,1,0.9648520478204958,1,1,1
VAR_001915,0,0.8209120772836174,1,1,1
VAR_001612,1,0.726676342490836,1,1,1
VAR_006076,1,0.5270325608657429,1,0,1
VAR_002886,0,0.9112780201356923,1,1,1
VAR_000025,1,0.9078931394867449,1,1,1
VAR_003329,1,0.9860359187985857,1,1,1
VAR_004726,1,0.8969296738186402,1,1,1
VAR_005402,1,0.7624574940512409,1,1,1
VAR_003113,1,0.5613857450170184,1,0,1
VAR_003191,1,0.32794638928020375,0,0,0
VAR_001022,1,0.9795780741739792,1,1,1
VAR_005456,1,0.9043224700964886,1,1,1
VAR_002034,0,0.1596036448084867,0,0,0
VAR_004714,1,0.9055813835487188,1,1,1
VAR_005142,1,0.8523073280605432,1,1,1
VAR_004636,0,0.6088365496348068,1,1,1
VAR_005093,1,0.927205350570059,1,1,1
VAR_004196,0,0.7385718058177624,1,1,1
VAR_002508,1,0.9798161251687805,1,1,1
VAR_005643,1,0.5886582952608468,1,0,1
VAR_003341,1,0.8974872181542339,1,1,1
VAR_001997,1,0.8483893069077253,1,1,1
VAR_001949,1,0.6744758267203544,1,1,1
VAR_003686,0,0.45611560361412495,0,0,1
VAR_002433,0,0.04999377255405931,0,0,0
VAR_000736,1,0.8484904646037879,1,1,1
VAR_000045,1,0.9567600941613928,1,1,1
VAR_002566,1,0.9221329488586906,1,1,1
VAR_003084,1,0.7524837716719969,1,1,1
VAR_000159,0,0.9155821357979843,1,1,1
VAR_000782,1,0.9729178561399866,1,1,1
VAR_003257,1,0.8848422237326024,1,1,1
VAR_000751,0,0.39681642843997716,0,0,1
VAR_003548,0,0.09281986178652656,0,0,0
VAR_002166,1,0.9586823142635607,1,1,1
VAR_005079,1,0.9053079342585746,1,1,1
VAR_003956,0,0.08903386486783474,0,0,0
VAR_002669,1,0.7906919918424224,1,1,1
VAR_004329,1,0.47378034015697773,0,0,1
VAR_004743,1,0.6609279919431122,1,1,1
VAR_000330,1,0.9742490278819673,1,1,1
VAR_000268,1,0.4042773543313824,0,0,1
VAR_005970,0,0.938670098576648,1,1,1
VAR_001875,1,0.3424748466964303,0,0,0
VAR_001033,1,0.971151753665827,1,1,1
VAR_005188,1,0.644070230772797,1,1,1
VAR_004635,0,0.17776035254856487,0,0,0
VAR_002629,1,0.33952437531949914,0,0,0
VAR_000716,1,0.8001891236540858,1,1,1
VAR_004165,0,0.036721115839242896,0,0,0
VAR_000058,1,0.7290990448016477,1,1,1
VAR_002530,1,0.6535949436740895,1,1,1
VAR_001175,1,0.54992914949441,1,0,1
VAR_000425,0,0.3862797660213529,0,0,1
VAR_005206,1,0.8203245652524486,1,1,1
VAR_003347,1,0.8617054131069016,1,1,1
VAR_005879,1,0.4046265651110142,0,0,1
VAR_003344,1,0.7714582565692394,1,1,1
VAR_002546,0,0.49944698818371225,0,0,1
VAR_006026,0,0.7820219517307828,1,1,1
VAR_003776,1,0.8875325468466801,1,1,1
VAR_000409,1,0.39189217064450954,0,0,1
VAR_002923,1,0.8425600296280983,1,1,1
VAR_001061,0,0.9132408853826706,1,1,1
VAR_000563,0,0.06082318140356089,0,0,0
VAR_006105,1,0.9471478914523896,1,1,1
VAR_004544,1,0.7888161292192194,1,1,1
VAR_003358,1,0.9434094636748296,1,1,1
VAR_004759,1,0.7343436280215843,1,1,1
VAR_003027,1,0.9799174166172249,1,1,1
VAR_001765,1,0.16271767797484057,0,0,0
VAR_000566,1,0.9469657416436444,1,1,1
VAR_000574,1,0.9411573047149236,1,1,1
VAR_000633,1,0.8465722463755297,1,1,1
VAR_003063,1,0.9659433860424038,1,1,1
VAR_001809,1,0.9823772870151076,1,1,1
VAR_000831,0,0.7314550994625446,1,1,1
VAR_006044,1,0.9130205503373753,1,1,1
VAR_004563,1,0.9151175839286023,1,1,1
VAR_003777,1,0.917246715942853,1,1,1
VAR_005519,1,0.39949976801970755,0,0,1
VAR_003763,1,0.5761847616338459,1,0,1
VAR_003588,0,0.5595829968303577,1,0,1
VAR_002984,1,0.855779630104449,1,1,1
VAR_004968,1,0.8656638774137542,1,1,1
VAR_002453,1,0.9152746547784497,1,1,1
VAR_002434,1,0.920331660104824,1,1,1
VAR_001217,0,0.11374886214073408,0,0,0
VAR_000085,1,0.6722068064042938,1,1,1
VAR_004547,1,0.9090629205630577,1,1,1
VAR_003673,1,0.8995370673201191,1,1,1
VAR_005096,1,0.9726069713912513,1,1,1
VAR_000120,1,0.9357945737021734,1,1,1
VAR_001700,1,0.8763490746121495,1,1,1
VAR_004909,1,0.710670557907062,1,1,1
VAR_004702,0,0.46236856111185476,0,0,1
VAR_005329,0,0.1598248134185593,0,0,0
VAR_005398,1,0.8379017554317704,1,1,1
VAR_006055,1,0.9026284791149521,1,1,1
VAR_004124,0,0.06834220948144756,0,0,0
VAR_000592,1,0.9686649362492119,1,1,1
VAR_005453,1,0.9489042593249204,1,1,1
VAR_000818,1,0.9606956100595971,1,1,1
VAR_001411,0,0.46232809311537415,0,0,1
VAR_000778,0,0.11579741297588214,0,0,0
VAR_001050,0,0.43467936613778574,0,0,1
VAR_003496,0,0.23548454829729953,0,0,0
VAR_002827,1,0.7597921844182862,1,1,1
VAR_003372,1,0.9381590039196182,1,1,1
VAR_002543,0,0.0711367782458207,0,0,0
VAR_001682,1,0.8845586429630437,1,1,1
VAR_000886,0,0.5553826783296754,1,0,1
VAR_003239,1,0.3569165687143588,0,0,0
VAR_005792,1,0.900944037831195,1,1,1
VAR_001800,1,0.9804422819692774,1,1,1
VAR_003928,0,0.17037878143070564,0,0,0
VAR_003123,0,0.08768520622689971,0,0,0
VAR_004014,1,0.984236484147814,1,1,1
VAR_002247,1,0.9671188186857936,1,1,1
VAR_005670,0,0.07512941956852133,0,0,0
VAR_004008,1,0.8024252484571,1,1,1
VAR_000918,0,0.723676347175197,1,1,1
VAR_000629,1,0.9221418946238296,1,1,1
VAR_004429,1,0.35061681463207894,0,0,0
VAR_005348,1,0.9840815511404752,1,1,1
VAR_000471,0,0.42601203254763953,0,0,1
VAR_002987,1,0.6595812714391023,1,1,1
VAR_006374,1,0.8663394397095179,1,1,1
VAR_001196,0,0.08569882904232207,0,0,0
VAR_005370,1,0.4938043945681886,0,0,1
VAR_005939,1,0.8724894711225419,1,1,1
VAR_001478,1,0.8069029642035869,1,1,1
VAR_005396,1,0.7763878822314394,1,1,1
VAR_000942,1,0.4046265651110142,0,0,1
VAR_000367,1,0.9242459129470628,1,1,1
VAR_005460,1,0.9681225941102468,1,1,1
VAR_001570,1,0.54388333538561,1,0,1
VAR_000307,1,0.9142238574975141,1,1,1
VAR_005146,1,0.8639632496683822,1,1,1
VAR_004372,0,0.6611561103085294,1,1,1
VAR_005182,1,0.7440448220592789,1,1,1
VAR_001812,1,0.9671356939741035,1,1,1
VAR_001170,0,0.09955470394780218,0,0,0
VAR_005430,1,0.9666447432970069,1,1,1
VAR_003097,1,0.9509483585602359,1,1,1
VAR_004772,0,0.041934353601305444,0,0,0
VAR_003119,1,0.698510040124032,1,1,1
VAR_001721,0,0.11763421481703516,0,0,0
VAR_001530,1,0.4603968432984057,0,0,1
VAR_004952,0,0.893012645000076,1,1,1
VAR_004270,1,0.4046265651110142,0,0,1
VAR_005405,1,0.9721344011129828,1,1,1
VAR_003002,1,0.8930210400504214,1,1,1
VAR_002333,1,0.781715348102715,1,1,1
VAR_005686,1,0.647017691952653,1,1,1
VAR_005037,0,0.33540958835122936,0,0,0
VAR_006041,0,0.8092393515649278,1,1,1
VAR_002386,0,0.5053105335917246,1,0,1
VAR_004689,0,0.42601203254763953,0,0,1
VAR_004320,1,0.22182548451935502,0,0,0
VAR_002916,1,0.9125966557256245,1,1,1
VAR_000108,1,0.9752506755316157,1,1,1
VAR_003414,1,0.9079324019695063,1,1,1
VAR_002950,1,0.7611223360270568,1,1,1
VAR_006480,0,0.0676575401155315,0,0,0
VAR_001338,1,0.7639652011803304,1,1,1
VAR_006037,1,0.8526286895341317,1,1,1
VAR_002051,1,0.7768098498526254,1,1,1
VAR_004836,1,0.8662121379173547,1,1,1
VAR_000702,1,0.9550480644912821,1,1,1
VAR_004548,1,0.9170383280675322,1,1,1
VAR_003520,1,0.09652338879555532,0,0,0
VAR_000791,0,0.1654168123740775,0,0,0
VAR_001014,1,0.977900819317698,1,1,1
VAR_000257,1,0.883010548034353,1,1,1
VAR_003258,1,0.7361916228411404,1,1,1
VAR_005801,1,0.8704436449213584,1,1,1
VAR_001856,1,0.7307868304881531,1,1,1
VAR_000879,0,0.9449550835416689,1,1,1
VAR_002645,1,0.9122231944977667,1,1,1
VAR_000276,1,0.7608233838452275,1,1,1
VAR_000776,0,0.9271605410465069,1,1,1
VAR_002997,0,0.19170810212851053,0,0,0
VAR_004530,1,0.9815925316188453,1,1,1
VAR_005987,1,0.23498120295455902,0,0,0
VAR_002784,1,0.9535802360548853,1,1,1
VAR_003305,0,0.34940587856588,0,0,0
VAR_003158,1,0.9808782826120168,1,1,1
VAR_005603,1,0.9025817327519164,1,1,1
VAR_005479,1,0.9764894723981467,1,1,1
VAR_003184,1,0.9000796508131329,1,1,1
VAR_005774,1,0.7656046886463234,1,1,1
VAR_000983,1,0.9709883615120988,1,1,1
VAR_002760,1,0.9864106728429394,1,1,1
VAR_002224,1,0.7873502243883631,1,1,1
VAR_002217,1,0.9773126092438537,1,1,1
VAR_004549,1,0.9098287570975931,1,1,1
VAR_006488,1,0.9558317786814265,1,1,1
VAR_001855,0,0.332723296998997,0,0,0
VAR_000439,1,0.8395146979836615,1,1,1
VAR_005202,0,0.7462637397515279,1,1,1
VAR_000339,1,0.9737632829687276,1,1,1
VAR_000746,1,0.9257028259993043,1,1,1
VAR_001011,0,0.22801333826658593,0,0,0
VAR_000593,1,0.9483365465914589,1,1,1
VAR_000857,1,0.919161900603254,1,1,1
VAR_000237,1,0.8511853160185741,1,1,1
VAR_005531,1,0.3786189598434183,0,0,1
VAR_004482,1,0.8634670726431382,1,1,1
VAR_003528,0,0.7978305360552547,1,1,1
VAR_000706,1,0.2700726111907048,0,0,0
VAR_002668,1,0.7661849776397576,1,1,1
VAR_000780,1,0.7353557475202899,1,1,1
VAR_001935,0,0.12675338460140959,0,0,0
VAR_005400,1,0.9546802266038232,1,1,1
VAR_006497,1,0.8352867104036827,1,1,1
VAR_000619,1,0.9735950568802443,1,1,1
VAR_003880,1,0.8829176528038535,1,1,1
VAR_005712,1,0.8733840067509696,1,1,1
VAR_000182,1,0.7599873537400065,1,1,1
VAR_000346,0,0.057543182402362385,0,0,0
VAR_000482,1,0.31495336087289383,0,0,0
VAR_001784,1,0.7091096131014708,1,1,1
VAR_006586,1,0.4845552350703465,0,0,1
VAR_006218,0,0.1007455462193398,0,0,0
VAR_003480,0,0.4046265651110142,0,0,1
VAR_004092,1,0.5385299282877395,1,0,1
VAR_000639,1,0.9893406934326577,1,1,1
VAR_005569,1,0.9056325209083135,1,1,1
VAR_003533,1,0.576502964220677,1,0,1
VAR_006304,0,0.11753166494688838,0,0,0
VAR_005419,1,0.984843595787556,1,1,1
VAR_002801,1,0.9446229245423681,1,1,1
VAR_000484,1,0.3073654702940659,0,0,0
VAR_001641,1,0.4046265651110142,0,0,1
VAR_002728,0,0.9200908948852186,1,1,1
VAR_002346,0,0.9644988935334056,1,1,1
VAR_001302,1,0.7392986919800578,1,1,1
VAR_003552,0,0.10087973498974973,0,0,0
VAR_000246,1,0.8580584522862025,1,1,1
VAR_003707,0,0.9727295567712377,1,1,1
VAR_006307,1,0.9281752672355544,1,1,1
VAR_000978,1,0.9415230857272967,1,1,1
VAR_005257,0,0.6949816925021919,1,1,1
VAR_002097,0,0.6886923913395376,1,1,1
VAR_005274,0,0.1141980367338539,0,0,0
VAR_003447,0,0.09621561696834095,0,0,0
VAR_005155,1,0.910503885616012,1,1,1
VAR_006400,0,0.209705309058414,0,0,0
VAR_001134,1,0.7647132987668843,1,1,1
VAR_000104,0,0.4674813095176041,0,0,1
VAR_000718,1,0.59979906118616,1,1,1
VAR_003920,1,0.9328326211206686,1,1,1
VAR_000487,0,0.1177604094018854,0,0,0
VAR_005598,0,0.692765774106541,1,1,1
VAR_005366,1,0.39189217064450954,0,0,1
VAR_006201,1,0.8573818539759608,1,1,1
VAR_000175,1,0.8842601648309469,1,1,1
VAR_003767,1,0.9856633935006028,1,1,1
VAR_003422,0,0.9222396867476363,1,1,1
VAR_002845,1,0.9095807553159531,1,1,1
VAR_004067,1,0.8953840618618365,1,1,1
VAR_005673,1,0.761291318469651,1,1,1
VAR_000254,1,0.9272071578581029,1,1,1
VAR_001974,1,0.9708314304324989,1,1,1
VAR_002878,1,0.5288708205069663,1,0,1
VAR_001027,0,0.9639151596962451,1,1,1
VAR_000509,1,0.29459707764005694,0,0,0
VAR_001776,1,0.9459827016526599,1,1,1
VAR_006302,0,0.027987621638087188,0,0,0
VAR_003139,0,0.07424496081220724,0,0,0
VAR_003006,1,0.9070468117660617,1,1,1
VAR_004247,1,0.9551928294564224,1,1,1
VAR_006261,1,0.9244218997312037,1,1,1
VAR_006129,1,0.990787422946525,1,1,1
VAR_002658,1,0.6399577721441855,1,1,1
VAR_000568,1,0.8941020721367499,1,1,1
VAR_004853,1,0.8932528881407215,1,1,1
VAR_003748,1,0.9281698525070093,1,1,1
VAR_005369,1,0.4042773543313824,0,0,1
VAR_003251,1,0.8251445301428963,1,1,1
VAR_006328,1,0.9643294944299005,1,1,1
VAR_000564,0,0.33669370275539695,0,0,0
VAR_004507,1,0.8823043942865858,1,1,1
VAR_000291,1,0.9754132760626067,1,1,1
VAR_000417,0,0.4401099374159651,0,0,1
VAR_006225,0,0.2788132099852746,0,0,0
VAR_005602,1,0.8945375165513126,1,1,1
VAR_001527,1,0.6416674661091017,1,1,1
VAR_000577,1,0.8883833939226135,1,1,1
VAR_002921,1,0.7999972628388765,1,1,1
VAR_004275,1,0.4046265651110142,0,0,1
VAR_002938,1,0.814235030035999,1,1,1
VAR_002634,1,0.7544053138256592,1,1,1
VAR_005896,1,0.939126088153138,1,1,1
VAR_006136,0,0.8558168948795698,1,1,1
VAR_000856,1,0.9345313674704281,1,1,1
VAR_004086,0,0.974607148681205,1,1,1
VAR_002626,1,0.6024703824631801,1,1,1
VAR_002930,1,0.916519018447079,1,1,1
VAR_002268,1,0.7662432254688669,1,1,1
VAR_005638,0,0.23309407612983388,0,0,0
VAR_001687,0,0.6314725895273151,1,1,1
VAR_004436,0,0.27945367935532783,0,0,0
VAR_002028,1,0.9885321633956619,1,1,1
VAR_005554,1,0.963244847036802,1,1,1
VAR_003841,0,0.8927965787943786,1,1,1
VAR_005210,1,0.45307433129532937,0,0,1
VAR_003445,0,0.14106918341712218,0,0,0
VAR_003674,1,0.9370752150597829,1,1,1
VAR_001385,1,0.4042773543313824,0,0,1
VAR_004104,1,0.9755598520421188,1,1,1
VAR_005991,1,0.6250722104832994,1,1,1
VAR_000341,1,0.9063565080473268,1,1,1
VAR_003408,1,0.865710124273253,1,1,1
VAR_000161,1,0.8876010332925999,1,1,1
VAR_001616,1,0.4046265651110142,0,0,1
VAR_003639,0,0.01471593038543136,0,0,0
VAR_004469,1,0.8439911210527616,1,1,1
VAR_006502,1,0.963833623808345,1,1,1
VAR_000898,1,0.9258697883287809,1,1,1
VAR_001752,0,0.15315823899428285,0,0,0
VAR_004125,1,0.8334887422929205,1,1,1
VAR_003040,1,0.923194170707861,1,1,1
VAR_002475,1,0.14718797593745783,0,0,0
VAR_006297,0,0.3147406620183054,0,0,0
VAR_002313,1,0.8201208167521825,1,1,1
VAR_000229,0,0.0941188481864217,0,0,0
VAR_005919,1,0.7786928109517404,1,1,1
VAR_000768,1,0.8778411698800752,1,1,1
VAR_001406,1,0.9046363281879808,1,1,1
VAR_000483,1,0.24204425526536522,0,0,0
VAR_000206,1,0.9702429424929168,1,1,1
VAR_003725,0,0.04880774869625091,0,0,0
VAR_004939,1,0.5885997586393314,1,0,1
VAR_003168,1,0.29767682625520714,0,0,0
VAR_004297,1,0.49163594796938354,0,0,1
VAR_004075,1,0.7796108323733497,1,1,1
VAR_000084,0,0.4305417978506927,0,0,1
VAR_004561,0,0.961085677316426,1,1,1
VAR_003547,0,0.04156364934631824,0,0,0
VAR_002838,1,0.7482571365656773,1,1,1
VAR_002745,1,0.975643487960911,1,1,1
VAR_005420,1,0.981343229207983,1,1,1
VAR_001095,1,0.6797961681506334,1,1,1
VAR_006388,1,0.9461691301417858,1,1,1
VAR_000146,1,0.7239542580131497,1,1,1
VAR_003381,0,0.8772103577588967,1,1,1
VAR_002762,1,0.9509774176023532,1,1,1
VAR_003284,1,0.8229603518157858,1,1,1
VAR_005857,1,0.9403390054730036,1,1,1
VAR_005291,1,0.4895273426190682,0,0,1
VAR_003914,0,0.8006151691765158,1,1,1
VAR_005777,0,0.14900207284931022,0,0,0
VAR_002765,1,0.41454407924031933,0,0,1
VAR_003926,1,0.9582186459711632,1,1,1
VAR_004535,0,0.13653959816624314,0,0,0
VAR_003366,1,0.4830889458879942,0,0,1
VAR_005214,0,0.3170659522248248,0,0,0
VAR_002592,1,0.7048065324503345,1,1,1
VAR_001144,1,0.9703540715742809,1,1,1
VAR_005737,1,0.9312278554980901,1,1,1
VAR_004919,1,0.7491698036029983,1,1,1
VAR_003643,0,0.05047212110121,0,0,0
VAR_000098,1,0.9242597629142252,1,1,1
VAR_001808,1,0.9315447835181803,1,1,1
VAR_000608,1,0.9206079741649044,1,1,1
VAR_002058,1,0.9738895230221095,1,1,1
VAR_000405,1,0.82964314651068,1,1,1
VAR_004106,1,0.9825664676393796,1,1,1
VAR_000033,1,0.9390245306690176,1,1,1
VAR_004074,1,0.7516423536567056,1,1,1
VAR_002992,1,0.9400189022827173,1,1,1
VAR_001599,1,0.5953798327308423,1,0,1
VAR_002507,1,0.9417116588951416,1,1,1
VAR_001461,1,0.4849295914410303,0,0,1
VAR_006050,1,0.7800677044153564,1,1,1
VAR_000545,1,0.9893643605953264,1,1,1
VAR_002862,1,0.9281461903603968,1,1,1
VAR_006278,0,0.41340540860374997,0,0,1
VAR_006224,0,0.0507298620817856,0,0,0
VAR_005750,0,0.10351727337252083,0,0,0
VAR_001371,1,0.7020313249770787,1,1,1
VAR_006209,0,0.6096864813516066,1,1,1
VAR_002076,1,0.5914260926910085,1,0,1
VAR_000828,1,0.99301167222034,1,1,1
VAR_003778,1,0.9841585644989552,1,1,1
VAR_004554,1,0.9544087998626326,1,1,1
VAR_002615,0,0.3877453364942715,0,0,1
VAR_005338,1,0.9639746345485037,1,1,1
VAR_000838,1,0.9176145010596463,1,1,1
VAR_006097,1,0.4401099374159651,0,0,1
VAR_006593,0,0.5317072895715085,1,0,1
VAR_002419,0,0.07152266992617863,0,0,0
VAR_002835,1,0.8322593396569103,1,1,1
VAR_005962,1,0.9444538340300338,1,1,1
VAR_005780,1,0.7726889685309469,1,1,1
VAR_004017,1,0.6007356383475747,1,1,1
VAR_004240,1,0.9309815747954691,1,1,1
VAR_005719,1,0.9865097675651712,1,1,1
VAR_001062,1,0.9809697766253368,1,1,1
VAR_000715,1,0.5427275608593094,1,0,1
VAR_001912,0,0.22107921147387746,0,0,0
VAR_004139,1,0.9092289003231375,1,1,1
VAR_004822,0,0.9560925777445669,1,1,1
VAR_006293,1,0.4401099374159651,0,0,1
VAR_000007,0,0.2006715987010621,0,0,0
VAR_003810,1,0.6624527584681014,1,1,1
VAR_003056,1,0.7982849571800307,1,1,1
VAR_003117,1,0.36285279288768446,0,0,1
VAR_000207,1,0.914314563464258,1,1,1
VAR_002155,0,0.9198739480212953,1,1,1
VAR_000677,1,0.9085061024861153,1,1,1
VAR_002213,1,0.8027588249730148,1,1,1
VAR_004064,1,0.9144228463236238,1,1,1
VAR_000976,1,0.968178816574341,1,1,1
VAR_004741,0,0.10680931936536624,0,0,0
VAR_000156,1,0.5398020806528222,1,0,1
VAR_002229,0,0.589576918802263,1,0,1
VAR_002635,1,0.932709113521717,1,1,1
VAR_005799,1,0.9682085375309076,1,1,1
VAR_000529,1,0.8983008975032698,1,1,1
VAR_006104,1,0.9016662381515759,1,1,1
VAR_006002,1,0.07138929641725497,0,0,0
VAR_000625,1,0.42601203254763953,0,0,1
VAR_003913,0,0.8073541627309543,1,1,1
VAR_001362,1,0.6697463704851672,1,1,1
VAR_005947,1,0.9248722483008273,1,1,1
VAR_000871,0,0.17748212860160198,0,0,0
VAR_006249,1,0.9594433924433937,1,1,1
VAR_002577,1,0.760208042725141,1,1,1
VAR_005584,1,0.7503295909084703,1,1,1
VAR_001416,0,0.39189217064450954,0,0,1
VAR_006291,1,0.4046265651110142,0,0,1
VAR_001957,0,0.6133341405633265,1,1,1
VAR_001212,1,0.9563691646211363,1,1,1
VAR_004717,1,0.7267208245798666,1,1,1
VAR_005020,0,0.132726270680591,0,0,0
VAR_004594,1,0.4663125635016083,0,0,1
VAR_000068,1,0.9402591151857745,1,1,1
VAR_005751,0,0.1005182458066713,0,0,0
VAR_001422,0,0.5315182406920154,1,0,1
VAR_001535,1,0.4401099374159651,0,0,1
VAR_001565,1,0.6114355558808291,1,1,1
VAR_002505,1,0.9240291656219933,1,1,1
VAR_005650,0,0.9698064081109701,1,1,1
VAR_005474,1,0.9331599201231812,1,1,1
VAR_003449,0,0.8348197528449234,1,1,1
VAR_005259,0,0.8847584378483533,1,1,1
VAR_005166,1,0.898567333656195,1,1,1
VAR_006038,1,0.8887137157266837,1,1,1
VAR_005454,1,0.9157892056087532,1,1,1
VAR_000336,0,0.7626864748789055,1,1,1
VAR_002139,1,0.8756565774036977,1,1,1
VAR_001533,1,0.4042773543313824,0,0,1
VAR_001834,1,0.9102906540523173,1,1,1
VAR_004211,1,0.8834541697539303,1,1,1
VAR_004229,0,0.5836044644916193,1,0,1
VAR_004957,0,0.1842852589279994,0,0,0
VAR_003249,1,0.9913543161273842,1,1,1
VAR_001314,1,0.4042773543313824,0,0,1
VAR_003047,0,0.5945030429396223,1,0,1
VAR_001966,1,0.8961777111646043,1,1,1
VAR_002330,0,0.6292882880468811,1,1,1
VAR_002969,0,0.5915977470639397,1,0,1
VAR_004526,1,0.8161736544972114,1,1,1
VAR_003802,1,0.9785468844113795,1,1,1
VAR_002947,1,0.20456086088922634,0,0,0
VAR_004142,0,0.050900585348847824,0,0,0
VAR_000594,1,0.9791812866867863,1,1,1
VAR_003915,1,0.733459171497674,1,1,1
VAR_002881,1,0.9424721663909803,1,1,1
VAR_003654,1,0.9887360779521114,1,1,1
VAR_000442,0,0.17759700399628672,0,0,0
VAR_002980,1,0.7581680936340681,1,1,1
VAR_002194,1,0.9297133131431825,1,1,1
VAR_005942,1,0.9193520819711714,1,1,1
VAR_001952,1,0.9418630262546261,1,1,1
VAR_004782,1,0.8950619098654347,1,1,1
VAR_003834,1,0.875340035270065,1,1,1
VAR_000016,1,0.9849295511564081,1,1,1
VAR_005705,1,0.8743205451572573,1,1,1
VAR_006274,1,0.8335873021670638,1,1,1
VAR_000754,1,0.519933239293608,1,0,1
VAR_000891,0,0.1642592393461425,0,0,0
VAR_005500,1,0.9693552354258228,1,1,1
VAR_004885,1,0.9338531679761093,1,1,1
VAR_004299,1,0.40438602025370346,0,0,1
VAR_002366,1,0.5549706457185786,1,0,1
VAR_003082,1,0.9736504555440005,1,1,1
VAR_003505,0,0.234624019042595,0,0,0
VAR_005873,0,0.0699406292011408,0,0,0
VAR_001147,1,0.9506278192631556,1,1,1
VAR_002215,0,0.5247000893179096,1,0,1
VAR_005156,1,0.6021386843565765,1,1,1
VAR_005379,0,0.2785091166666964,0,0,0
VAR_004111,1,0.979258927882435,1,1,1
VAR_006098,1,0.9392001579323696,1,1,1
VAR_003843,1,0.9701892669917661,1,1,1
VAR_005313,1,0.6248767441312161,1,1,1
VAR_005154,1,0.3351111127334334,0,0,0
VAR_000269,1,0.9157520461924175,1,1,1
VAR_002220,1,0.9385583308582293,1,1,1
VAR_003260,1,0.908132759379872,1,1,1
VAR_001423,1,0.6157759854356943,1,1,1
VAR_005798,1,0.9038498627962143,1,1,1
VAR_001965,1,0.9451455741634622,1,1,1
VAR_005576,1,0.9488385813755604,1,1,1
VAR_001666,1,0.8803144567585829,1,1,1
VAR_000368,1,0.4600511215678136,0,0,1
VAR_000747,1,0.5192026292491393,1,0,1
VAR_002182,1,0.8538581932352639,1,1,1
VAR_006589,1,0.5089190531338428,1,0,1
VAR_003783,1,0.9406537637994338,1,1,1
VAR_004977,1,0.7331411846382936,1,1,1
VAR_002095,0,0.2920996359673909,0,0,0
VAR_002903,1,0.4175593162571866,0,0,1
VAR_003591,0,0.04796828584505296,0,0,0
VAR_002370,1,0.7148427066916012,1,1,1
VAR_001598,1,0.7890185164755065,1,1,1
VAR_002473,0,0.8663953949156588,1,1,1
VAR_000351,0,0.954711083517111,1,1,1
VAR_002016,0,0.11362701025431172,0,0,0
VAR_005791,1,0.9461981738046651,1,1,1
VAR_002337,0,0.09746884424342396,0,0,0
VAR_001403,1,0.9180213844634397,1,1,1
VAR_001375,1,0.6468682264620983,1,1,1
VAR_000285,1,0.9620227226902263,1,1,1
VAR_002971,1,0.921410450261833,1,1,1
VAR_002608,1,0.9713464236577861,1,1,1
VAR_006130,0,0.179320191012264,0,0,0
VAR_006063,1,0.8822312605463303,1,1,1
VAR_002936,1,0.8345108777871053,1,1,1
VAR_003237,1,0.39189217064450954,0,0,1
VAR_006568,1,0.94433188760174,1,1,1
VAR_001677,1,0.9398962973510894,1,1,1
VAR_001424,0,0.42601203254763953,0,0,1
VAR_005729,1,0.25035014655049975,0,0,0
VAR_003376,1,0.8584300294832918,1,1,1
VAR_004988,1,0.9286276136446528,1,1,1
VAR_003438,1,0.9415529146087854,1,1,1
VAR_000542,1,0.9824907282610184,1,1,1
VAR_005482,0,0.2376566570482533,0,0,0
VAR_003322,1,0.8728783946719758,1,1,1
VAR_005886,0,0.0925886992167598,0,0,0
VAR_000118,0,0.9098770389823435,1,1,1
VAR_004538,1,0.4401099374159651,0,0,1
VAR_006049,1,0.9668927609237791,1,1,1
VAR_002708,1,0.7547159948969789,1,1,1
VAR_002885,0,0.8891292272611859,1,1,1
VAR_000580,0,0.2700416146974197,0,0,0
VAR_003731,0,0.08069619777612388,0,0,0
VAR_001894,1,0.5932077588047678,1,0,1
VAR_005920,1,0.929442818100278,1,1,1
VAR_000481,1,0.6626052377972458,1,1,1
VAR_004915,1,0.8846800041455452,1,1,1
VAR_000172,1,0.9109824054144475,1,1,1
VAR_000309,1,0.8926998995040049,1,1,1
VAR_002565,1,0.9323013368985693,1,1,1
VAR_000019,0,0.2125754970874845,0,0,0
VAR_000605,1,0.9581830729113437,1,1,1
VAR_001627,1,0.42601203254763953,0,0,1
VAR_004818,1,0.899733832752833,1,1,1
VAR_002022,1,0.9849328537754863,1,1,1
VAR_001939,1,0.6407047020817748,1,1,1
VAR_005644,1,0.2959211172909362,0,0,0
VAR_002810,1,0.8967519575805407,1,1,1
VAR_005785,1,0.875605892411783,1,1,1
VAR_002870,1,0.948851618274107,1,1,1
VAR_002339,0,0.4425080409698396,0,0,1
VAR_002354,1,0.44806875655353084,0,0,1
VAR_006473,0,0.234469794342085,0,0,0
VAR_002874,1,0.7010296179621941,1,1,1
VAR_001877,1,0.698643484904856,1,1,1
VAR_003759,1,0.4278532184945704,0,0,1
VAR_003529,1,0.1343201087246751,0,0,0
VAR_004892,1,0.14690102831581608,0,0,0
VAR_001114,1,0.9923273906125771,1,1,1
VAR_006292,1,0.4046265651110142,0,0,1
VAR_002879,1,0.2712397319450972,0,0,0
VAR_002691,1,0.9145993302417655,1,1,1
VAR_003593,0,0.25002771459096546,0,0,0
VAR_001223,1,0.7444834365000136,1,1,1
VAR_005399,1,0.904373579413779,1,1,1
VAR_000462,1,0.9704694266427552,1,1,1
VAR_001558,1,0.6206492596607045,1,1,1
VAR_004555,1,0.7907931755683854,1,1,1
VAR_005131,1,0.9656513701061686,1,1,1
VAR_003696,0,0.06795311738081238,0,0,0
VAR_004277,1,0.925531101004066,1,1,1
VAR_004745,1,0.9028799629366893,1,1,1
VAR_001991,0,0.8087525739935962,1,1,1
VAR_006032,1,0.7475442064242251,1,1,1
VAR_001643,0,0.27680016184974315,0,0,0
VAR_000632,1,0.9949855610594747,1,1,1
VAR_004742,1,0.7997589080660038,1,1,1
VAR_000194,1,0.6257670692296134,1,1,1
VAR_003150,1,0.672465220366402,1,1,1
VAR_006504,1,0.7607816665600258,1,1,1
VAR_006213,1,0.9570634812822164,1,1,1
VAR_001664,1,0.8777761964997188,1,1,1
VAR_000970,1,0.9758332358199427,1,1,1
VAR_000652,1,0.39189217064450954,0,0,1
VAR_004893,1,0.7553550128548465,1,1,1
VAR_001047,0,0.08176350383002352,0,0,0
VAR_005247,1,0.9706328190482101,1,1,1
VAR_001728,0,0.13081281399792247,0,0,0
VAR_003508,0,0.19699034866349643,0,0,0
VAR_006556,1,0.16802207631489835,0,0,0
VAR_004035,0,0.4649198445422981,0,0,1
VAR_001067,1,0.8877090472230833,1,1,1
VAR_000308,1,0.8193688937739748,1,1,1
VAR_006214,1,0.995836127073734,1,1,1
VAR_002616,1,0.9361217299626725,1,1,1
VAR_003099,1,0.9821266631215885,1,1,1
VAR_002440,0,0.20414938292508514,0,0,0
VAR_002811,1,0.6741115394431036,1,1,1
VAR_002617,1,0.8895344505413935,1,1,1
VAR_003562,0,0.09082527523786461,0,0,0
VAR_003011,1,0.9260433343246872,1,1,1
VAR_000403,1,0.5481489113086355,1,0,1
VAR_000506,1,0.10147940732402823,0,0,0
VAR_006312,1,0.8969729992512987,1,1,1
VAR_001286,0,0.09492162536142296,0,0,0
VAR_003007,1,0.8199056615318449,1,1,1
VAR_000418,1,0.944059299500162,1,1,1
VAR_003288,1,0.5453291491494112,1,0,1
VAR_004912,1,0.8083967639060556,1,1,1
VAR_004285,1,0.37767298448623665,0,0,1
VAR_006141,1,0.9625352252900292,1,1,1
VAR_004403,1,0.9202718287105188,1,1,1
VAR_003936,1,0.5000046564035174,1,0,1
VAR_001635,0,0.4401099374159651,0,0,1
VAR_004775,0,0.23859616528950292,0,0,0
VAR_003243,1,0.9755583910395181,1,1,1
VAR_002684,1,0.9225518386567092,1,1,1
VAR_001938,1,0.7971851677082931,1,1,1
VAR_000498,0,0.03126131191895931,0,0,0
VAR_004432,0,0.9454369318776799,1,1,1
VAR_005487,1,0.943895221505655,1,1,1
VAR_001936,1,0.8073283777571152,1,1,1
VAR_004071,1,0.7713151834856159,1,1,1
VAR_002138,1,0.9360357982764416,1,1,1
VAR_002432,0,0.1441334833688909,0,0,0
VAR_001637,1,0.42601203254763953,0,0,1
VAR_000468,1,0.9212919480245767,1,1,1
VAR_003132,1,0.9190454609757689,1,1,1
VAR_003683,0,0.5005817255871763,1,0,1
VAR_006564,1,0.8306636433609847,1,1,1
VAR_006048,1,0.858365418627886,1,1,1
VAR_005781,1,0.9207635770164457,1,1,1
VAR_004391,0,0.9365836866372108,1,1,1
VAR_003392,1,0.9827424592225313,1,1,1
VAR_000183,1,0.3185869853522157,0,0,0
VAR_003905,1,0.4046265651110142,0,0,1
VAR_001715,0,0.03406331793775779,0,0,0
VAR_002492,0,0.44439201036494513,0,0,1
VAR_002922,0,0.2047817902662522,0,0,0
VAR_004712,1,0.9245870818901039,1,1,1
VAR_002199,1,0.9374078807526897,1,1,1
VAR_004852,1,0.2411322012162949,0,0,0
VAR_005264,0,0.8383483906748319,1,1,1
VAR_000663,0,0.0732523709539425,0,0,0
VAR_002976,1,0.9859003356987763,1,1,1
VAR_005008,1,0.8875489300912971,1,1,1
VAR_002671,1,0.5262974419200099,1,0,1
VAR_001100,1,0.954617417902879,1,1,1
VAR_001325,0,0.4042773543313824,0,0,1
VAR_004573,1,0.3743502127734763,0,0,1
VAR_001192,1,0.7911326725652128,1,1,1
VAR_002042,1,0.08997238823939187,0,0,0
VAR_002049,1,0.812471195452287,1,1,1
VAR_002195,1,0.913129603628096,1,1,1
VAR_005497,1,0.8751525714156864,1,1,1
VAR_002429,1,0.9664680622692873,1,1,1
VAR_004813,1,0.8841984879538332,1,1,1
VAR_003598,0,0.24591424485712793,0,0,0
VAR_005306,0,0.24897591471118571,0,0,0
VAR_002441,1,0.8672827000352965,1,1,1
VAR_002567,0,0.4283105271540001,0,0,1
VAR_002588,1,0.8774866250927028,1,1,1
VAR_004011,1,0.9728770152771461,1,1,1
VAR_000601,1,0.9765357696870728,1,1,1
VAR_000219,1,0.9629810945114231,1,1,1
VAR_001084,0,0.39253404143874127,0,0,1
VAR_001585,0,0.42601203254763953,0,0,1
VAR_003354,1,0.9078369114338269,1,1,1
VAR_003417,1,0.9122317382467064,1,1,1
VAR_006585,0,0.9858730628522604,1,1,1
VAR_002145,1,0.4738000302122964,0,0,1
VAR_003786,1,0.5528624508957768,1,0,1
VAR_003111,0,0.2198934226787587,0,0,0
VAR_001861,0,0.6446111329794686,1,1,1
VAR_003197,0,0.42406146323591987,0,0,1
VAR_004018,0,0.25071716569401864,0,0,0
VAR_006281,1,0.39189217064450954,0,0,1
VAR_002520,1,0.9077689652926816,1,1,1
VAR_002551,1,0.8337604217890039,1,1,1
VAR_002820,1,0.5505972243752006,1,0,1
VAR_001035,1,0.6029834165064328,1,1,1
VAR_003170,1,0.4249375223551527,0,0,1
VAR_005441,1,0.9673553381559884,1,1,1
VAR_004947,1,0.7658909926279333,1,1,1
VAR_004004,1,0.9601396421148577,1,1,1
VAR_005768,1,0.9595081071190336,1,1,1
VAR_006527,0,0.4071631214355339,0,0,1
VAR_003058,1,0.23659745271642907,0,0,0
VAR_003716,1,0.9869462213903878,1,1,1
VAR_002187,1,0.5984096096845485,1,1,1
VAR_002598,1,0.9567705011956822,1,1,1
VAR_003535,1,0.9663546305184049,1,1,1
VAR_006315,1,0.8645264346567114,1,1,1
VAR_003210,0,0.21762610822647346,0,0,0
VAR_002983,1,0.624235832951473,1,1,1
VAR_006319,1,0.6810181379368256,1,1,1
VAR_003185,1,0.7012641430794735,1,1,1
VAR_001287,1,0.22150826339679092,0,0,0
VAR_005302,1,0.8191411261012724,1,1,1
VAR_006088,1,0.7313426136576713,1,1,1
VAR_000031,1,0.99034412264554,1,1,1
VAR_000173,1,0.7438565138144443,1,1,1
VAR_006146,1,0.9393785582303037,1,1,1
VAR_002808,1,0.9893838928296269,1,1,1
VAR_004972,1,0.4318111793927496,0,0,1
VAR_005312,0,0.08831897095758226,0,0,0
VAR_000474,1,0.28224285385885434,0,0,0
VAR_001029,1,0.9268454510661412,1,1,1
VAR_005929,1,0.9344661133649429,1,1,1
VAR_002595,1,0.9557988049852058,1,1,1
VAR_000272,0,0.07138929641725497,0,0,0
VAR_000845,1,0.7900410957047075,1,1,1
VAR_000937,1,0.9382565363317164,1,1,1
VAR_001760,1,0.2153235728601218,0,0,0
VAR_003774,0,0.1738908489298367,0,0,0
VAR_003353,1,0.938050319885921,1,1,1
VAR_006103,1,0.9494569777082669,1,1,1
VAR_003723,1,0.8887527709561887,1,1,1
VAR_004944,1,0.9778666700983969,1,1,1
VAR_004778,0,0.7686602503177032,1,1,1
VAR_003592,0,0.11246449038147373,0,0,0
VAR_004382,1,0.9452596534349348,1,1,1
VAR_004043,1,0.6093650792518646,1,1,1
VAR_001184,1,0.9183114258909997,1,1,1
VAR_000037,1,0.9208485804438094,1,1,1
VAR_003700,1,0.9238435386020171,1,1,1
VAR_004985,1,0.9272288734427668,1,1,1
VAR_003106,1,0.9563206643004164,1,1,1
VAR_005645,1,0.9342894961642648,1,1,1
VAR_006283,1,0.4046265651110142,0,0,1
VAR_001108,0,0.4493677652311757,0,0,1
VAR_004600,1,0.924978337413061,1,1,1
VAR_002612,1,0.7356927847310474,1,1,1
VAR_001716,1,0.9829444527967673,1,1,1
VAR_003182,1,0.9328997255589663,1,1,1
VAR_004539,1,0.4793640256986501,0,0,1
VAR_003435,0,0.05352206272608078,0,0,0
VAR_002135,1,0.8991598209059533,1,1,1
VAR_003324,0,0.9456232991982472,1,1,1
VAR_004358,0,0.3313136971534831,0,0,0
VAR_004459,0,0.052014464073589374,0,0,0
VAR_005243,1,0.9708146244884052,1,1,1
VAR_005530,1,0.3704987629423657,0,0,1
VAR_005770,1,0.44566763010328897,0,0,1
VAR_005036,0,0.08920287118275387,0,0,0
VAR_002791,1,0.8071490052167738,1,1,1
VAR_000171,1,0.9048529578465916,1,1,1
VAR_005960,0,0.9131665849405913,1,1,1
VAR_005409,1,0.6345004946605158,1,1,1
VAR_004344,0,0.8330227020478468,1,1,1
VAR_001561,1,0.4046265651110142,0,0,1
VAR_001313,1,0.6879404910674487,1,1,1
VAR_006508,1,0.9729848450218195,1,1,1
VAR_003118,1,0.780599649032902,1,1,1
VAR_004180,1,0.47402987126438034,0,0,1
VAR_002749,1,0.9515568434890957,1,1,1
VAR_001780,1,0.9716525152841452,1,1,1
VAR_001557,0,0.39189217064450954,0,0,1
VAR_000609,1,0.9521445692581343,1,1,1
VAR_003904,1,0.4042773543313824,0,0,1
VAR_005118,1,0.5314519695333905,1,0,1
VAR_002817,0,0.10989081697234093,0,0,0
VAR_002725,1,0.9604198959990958,1,1,1
VAR_000949,1,0.6424858482510356,1,1,1
VAR_006587,1,0.9799882339448891,1,1,1
VAR_004774,1,0.911895127040769,1,1,1
VAR_005730,0,0.25301974528088317,0,0,0
VAR_002293,0,0.8810011221824892,1,1,1
VAR_002271,1,0.923646236761076,1,1,1
VAR_005211,1,0.39729644290557015,0,0,1
VAR_006340,1,0.9657874445165954,1,1,1
VAR_005861,1,0.9384333087829745,1,1,1
VAR_006029,1,0.9356393998558907,1,1,1
VAR_004790,1,0.7949656645853853,1,1,1
VAR_002868,1,0.8499809100025998,1,1,1
VAR_004147,0,0.7431085074446542,1,1,1
VAR_000788,1,0.7819089727669432,1,1,1
VAR_001710,0,0.8229235663574964,1,1,1
VAR_000139,1,0.6783981635335181,1,1,1
VAR_002591,1,0.5673576809122717,1,0,1
VAR_003147,0,0.5981205718138778,1,1,1
VAR_001948,1,0.945157268175118,1,1,1
VAR_005181,1,0.9434828055609816,1,1,1
VAR_003190,1,0.8973847974961867,1,1,1
VAR_004355,0,0.9615548064324002,1,1,1
VAR_000851,1,0.9393241802669854,1,1,1
VAR_003135,1,0.926586493506139,1,1,1
VAR_001139,0,0.8330721695247267,1,1,1
VAR_003990,1,0.9508265583628456,1,1,1
VAR_004271,1,0.8303237763922021,1,1,1
VAR_001741,0,0.061218382544113686,0,0,0
VAR_004542,1,0.6309950697813521,1,1,1
VAR_002636,1,0.3755370070978848,0,0,1
VAR_006143,1,0.8080256769460976,1,1,1
VAR_003317,0,0.27229350523904156,0,0,0
VAR_006430,0,0.9482459674734919,1,1,1
VAR_006353,0,0.0291313465004447,0,0,0
VAR_001210,1,0.7500292234627789,1,1,1
VAR_000911,1,0.9713936296091149,1,1,1
VAR_000535,0,0.750148828231026,1,1,1
VAR_001066,1,0.9761724719642766,1,1,1
VAR_002519,1,0.8330976655622665,1,1,1
VAR_000860,1,0.9753002004505946,1,1,1
VAR_002231,1,0.9200836963965301,1,1,1
VAR_001330,1,0.9166951307692811,1,1,1
VAR_005133,1,0.8559604814571479,1,1,1
VAR_003092,0,0.22854887959510442,0,0,0
VAR_004029,0,0.13050903787205345,0,0,0
VAR_004922,1,0.9177340779590858,1,1,1
VAR_001797,1,0.9803929882911155,1,1,1
VAR_002529,0,0.0704164764214169,0,0,0
VAR_002736,1,0.856588936053474,1,1,1
VAR_000423,0,0.9246509048660048,1,1,1
VAR_000233,1,0.7918433621065375,1,1,1
VAR_005445,1,0.7100521027210802,1,1,1
VAR_006581,1,0.9825528565922413,1,1,1
VAR_003732,0,0.06776375268342749,0,0,0
VAR_000295,1,0.9214451886858834,1,1,1
VAR_001023,1,0.9706189743887103,1,1,1
VAR_004481,1,0.727117999452608,1,1,1
VAR_002140,1,0.7345771937825589,1,1,1
VAR_001896,1,0.8850016205523263,1,1,1
VAR_005717,1,0.6644896622245982,1,1,1
VAR_004380,1,0.9345369915964331,1,1,1
VAR_005351,1,0.976643897693084,1,1,1
VAR_000953,1,0.9684027830845123,1,1,1
VAR_000954,1,0.9228577017047443,1,1,1
VAR_003122,1,0.9171478349313807,1,1,1
VAR_001276,0,0.059465842116780035,0,0,0
VAR_002152,1,0.9772301758354128,1,1,1
VAR_004830,1,0.8471546633076308,1,1,1
VAR_000947,1,0.9669095741576568,1,1,1
VAR_002160,1,0.948085079785335,1,1,1
VAR_000361,1,0.7931307112686387,1,1,1
VAR_005236,0,0.04013797907300034,0,0,0
VAR_004457,1,0.7506644757884208,1,1,1
VAR_000191,1,0.9475709290284855,1,1,1
VAR_004140,1,0.8933986112108259,1,1,1
VAR_000149,1,0.9687225219679487,1,1,1
VAR_006071,0,0.11822416606277478,0,0,0
VAR_005115,0,0.6333339288904004,1,1,1
VAR_001779,0,0.1748666556541741,0,0,0
VAR_004414,1,0.9436897442404694,1,1,1
VAR_001871,0,0.20817599086250507,0,0,0
VAR_004638,0,0.18412200844525456,0,0,0
VAR_001396,1,0.4545397709307281,0,0,1
VAR_001859,1,0.9269368343354573,1,1,1
VAR_005999,0,0.024723723645227555,0,0,0
VAR_000725,1,0.5755383413605643,1,0,1
VAR_002743,1,0.9279487205139718,1,1,1
VAR_006363,0,0.3964067791580386,0,0,1
VAR_005903,1,0.9564154881705756,1,1,1
VAR_002262,1,0.8467082144390282,1,1,1
VAR_002968,1,0.9136198044803718,1,1,1
VAR_005593,1,0.9286936569550576,1,1,1
VAR_000198,1,0.9366314342781547,1,1,1
VAR_000610,0,0.14636575765137028,0,0,0
VAR_003901,1,0.39189217064450954,0,0,1
VAR_000362,1,0.9554030891034896,1,1,1
VAR_003282,1,0.9817237618382908,1,1,1
VAR_002274,1,0.28660501638190783,0,0,0
VAR_003984,0,0.36242826614198387,0,0,1
VAR_005789,1,0.9583868561176324,1,1,1
VAR_002428,1,0.9516282316351486,1,1,1
VAR_002314,1,0.7720514709395021,1,1,1
VAR_002974,0,0.8701120658648575,1,1,1
VAR_005814,0,0.3280326619990391,0,0,0
VAR_002943,0,0.9544801519459921,1,1,1
VAR_003793,1,0.6250725171972752,1,1,1
VAR_001112,0,0.3605676490007638,0,0,1
VAR_002027,1,0.9952840427593728,1,1,1
VAR_002190,1,0.8009299990309297,1,1,1
VAR_006033,1,0.9154230080815954,1,1,1
VAR_001002,1,0.968858625272509,1,1,1
VAR_005787,1,0.8444794487116849,1,1,1
VAR_003876,0,0.26122300963903816,0,0,0
VAR_006054,1,0.8617064038804915,1,1,1
VAR_005176,1,0.8447128006749429,1,1,1
VAR_005268,1,0.862848345517711,1,1,1
VAR_001683,0,0.6973716005357187,1,1,1
VAR_006035,1,0.6304499458019477,1,1,1
VAR_003129,1,0.8874032410119485,1,1,1
VAR_003266,1,0.8882042890848244,1,1,1
VAR_001862,1,0.7896815144392635,1,1,1
VAR_005480,1,0.9614096868518157,1,1,1
VAR_002181,1,0.960771769679812,1,1,1
VAR_005428,1,0.8385171280070597,1,1,1
VAR_002532,1,0.9018549346537297,1,1,1
VAR_002391,1,0.9540803516947942,1,1,1
VAR_000557,1,0.8554435877738689,1,1,1
VAR_001197,1,0.9607462412480359,1,1,1
VAR_003888,0,0.32849251897593046,0,0,0
VAR_001513,1,0.4401099374159651,0,0,1
VAR_005516,1,0.8393182162698796,1,1,1
VAR_001161,1,0.9621105807770602,1,1,1
VAR_005918,1,0.8785121547523275,1,1,1
VAR_003889,0,0.32583301059203396,0,0,0
VAR_000938,1,0.9215402336775385,1,1,1
VAR_001631,1,0.39189217064450954,0,0,1
VAR_006422,0,0.6485042279789641,1,1,1
VAR_005580,1,0.8687897509374412,1,1,1
VAR_004402,1,0.8659576618876286,1,1,1
VAR_000717,1,0.9307395648695345,1,1,1
VAR_001840,1,0.9050568386294015,1,1,1
VAR_006334,1,0.9659267194562706,1,1,1
VAR_001923,1,0.9031146240965046,1,1,1
VAR_004888,0,0.1394436790907137,0,0,0
VAR_004156,0,0.4800797483537933,0,0,1
VAR_005762,0,0.12660606610168954,0,0,0
VAR_002800,1,0.9098925235320754,1,1,1
VAR_000214,1,0.44160350265937187,0,0,1
VAR_004264,1,0.14354670165198122,0,0,0
VAR_002517,1,0.9623613304113523,1,1,1
VAR_004023,1,0.9566816826452915,1,1,1
VAR_002929,1,0.825464695254947,1,1,1
VAR_001869,1,0.7771577939376259,1,1,1
VAR_001888,1,0.7259697914300716,1,1,1
VAR_002074,1,0.9478844235342766,1,1,1
VAR_004109,1,0.7037086819148323,1,1,1
VAR_004033,1,0.8813421112099176,1,1,1
VAR_003560,0,0.5231999729215446,1,0,1
VAR_004664,0,0.39594008397153174,0,0,1
VAR_004894,1,0.6440835525351993,1,1,1
VAR_002607,1,0.42431210387005586,0,0,1
VAR_004063,1,0.979132929104325,1,1,1
VAR_004537,1,0.5877006547455347,1,0,1
VAR_003378,0,0.08057329127316208,0,0,0
VAR_004694,0,0.4576251372633523,0,0,1
VAR_006528,0,0.40399250821766464,0,0,1
VAR_004038,1,0.9477581102694097,1,1,1
VAR_003663,1,0.8294951532753232,1,1,1
VAR_000469,1,0.8922476294717717,1,1,1
VAR_002600,1,0.9650348471880609,1,1,1
VAR_000151,1,0.9365717301990649,1,1,1
VAR_001105,1,0.9877137726045082,1,1,1
VAR_000508,1,0.26496697207632586,0,0,0
VAR_002376,1,0.024890533899379747,0,0,0
VAR_005074,1,0.9642562847892745,1,1,1
VAR_000493,0,0.09727087510408079,0,0,0
VAR_006184,1,0.8760428220766165,1,1,1
VAR_000694,1,0.927182626478358,1,1,1
VAR_004927,1,0.8979625216882733,1,1,1
VAR_001430,0,0.9026889584648894,1,1,1
VAR_005066,0,0.5702041837449928,1,0,1
VAR_002325,1,0.9134463535732273,1,1,1
VAR_005938,1,0.9080557183515937,1,1,1
VAR_000960,1,0.987622285127467,1,1,1
VAR_005301,0,0.4401099374159651,0,0,1
VAR_006507,1,0.9073997553929724,1,1,1
VAR_000758,0,0.7547264752397367,1,1,1
VAR_004993,1,0.7453251305474299,1,1,1
VAR_002176,1,0.8593149423356988,1,1,1
VAR_002821,1,0.9080898136716496,1,1,1
VAR_002788,1,0.9581093485248204,1,1,1
VAR_004557,1,0.919023916522855,1,1,1
VAR_005913,0,0.8995769483051641,1,1,1
VAR_001876,1,0.918817717898175,1,1,1
VAR_004309,1,0.6557171298650812,1,1,1
VAR_004478,1,0.8097636986332959,1,1,1
VAR_004117,0,0.7545511411021758,1,1,1
VAR_002579,1,0.6749783626427501,1,1,1
VAR_003418,1,0.9903426793402917,1,1,1
VAR_004711,1,0.9609490544376461,1,1,1
VAR_005100,0,0.04226488797147478,0,0,0
VAR_003145,1,0.9605340822909859,1,1,1
VAR_001119,1,0.9048138632711157,1,1,1
VAR_002944,1,0.9261986639551995,1,1,1
VAR_005793,1,0.8990418912636018,1,1,1
VAR_003661,1,0.9466856071038683,1,1,1
VAR_001120,1,0.864692427279916,1,1,1
VAR_003166,0,0.5711537477430679,1,0,1
VAR_004823,1,0.5283481272679316,1,0,1
VAR_001697,1,0.4521216782176914,0,0,1
VAR_006333,0,0.9221875802599461,1,1,1
VAR_002162,1,0.9574465144412675,1,1,1
VAR_000946,1,0.9871752596449336,1,1,1
VAR_002734,1,0.877433941111105,1,1,1
VAR_003005,1,0.30535062483662806,0,0,0
VAR_002990,1,0.6673223383531084,1,1,1
VAR_001775,1,0.9482519090183397,1,1,1
VAR_005550,1,0.9064726375598386,1,1,1
VAR_002918,0,0.3338641488859604,0,0,0
VAR_004832,0,0.16400299881997218,0,0,0
VAR_001090,1,0.9811162355191242,1,1,1
VAR_005175,0,0.5685861757881022,1,0,1
VAR_001303,0,0.4042773543313824,0,0,1
VAR_006060,0,0.8810639284155105,1,1,1
VAR_000054,1,0.9528348659345416,1,1,1
VAR_004715,0,0.10548675636929848,0,0,0
VAR_006157,0,0.8351269299193006,1,1,1
VAR_000014,1,0.3591737285433262,0,0,1
VAR_000518,1,0.988082455159387,1,1,1
VAR_001971,0,0.4780216567654031,0,0,1
VAR_006517,1,0.9592531492863402,1,1,1
VAR_002805,1,0.4531845925309304,0,0,1
VAR_000870,0,0.4016150593932326,0,0,1
VAR_000810,0,0.0652047574248896,0,0,0
VAR_003722,1,0.5243071980423347,1,0,1
VAR_005193,1,0.6046353952427358,1,1,1
VAR_000393,0,0.29051796984869216,0,0,0
VAR_004724,1,0.9930857494634494,1,1,1
VAR_002864,1,0.8516355016739807,1,1,1
VAR_004932,1,0.977641391659017,1,1,1
VAR_005140,1,0.935436484265842,1,1,1
VAR_004324,0,0.1517267088123778,0,0,0
VAR_001040,0,0.9272137462942657,1,1,1
VAR_001484,0,0.4042773543313824,0,0,1
VAR_000910,1,0.963973856192705,1,1,1
VAR_005511,1,0.840246964376302,1,1,1
VAR_001164,1,0.9102065830850148,1,1,1
VAR_005189,1,0.8372422458051888,1,1,1
VAR_002831,1,0.954860595533252,1,1,1
VAR_005675,0,0.30461591512628783,0,0,0
VAR_003811,1,0.5439772981704444,1,0,1
VAR_003015,0,0.07096636831629476,0,0,0
VAR_005349,1,0.8616019030880068,1,1,1
VAR_005473,1,0.8597560593235338,1,1,1
VAR_004491,1,0.4565661485850474,0,0,1
VAR_002163,0,0.9396621225954711,1,1,1
VAR_001103,1,0.9717946809505333,1,1,1
VAR_006424,0,0.3478857441296847,0,0,0
VAR_001390,1,0.39189217064450954,0,0,1
VAR_003463,0,0.2621409997539774,0,0,0
VAR_002317,1,0.5690358218063264,1,0,1
VAR_003242,1,0.7184443609442641,1,1,1
VAR_003964,1,0.9779352222391464,1,1,1
VAR_003670,1,0.8489613311970793,1,1,1
VAR_004586,0,0.07877110953643608,0,0,0
VAR_003762,1,0.8799082065930672,1,1,1
VAR_002476,1,0.9732064615768085,1,1,1
VAR_000239,1,0.895844057224988,1,1,1
VAR_001193,0,0.08059720100756514,0,0,0
VAR_000913,1,0.9212050729540435,1,1,1
VAR_005299,0,0.32453257489823045,0,0,0
VAR_003945,0,0.25333360883725325,0,0,0
VAR_000310,1,0.8114328809833594,1,1,1
VAR_004729,1,0.8591525152556571,1,1,1
VAR_002919,1,0.8444924100679039,1,1,1
VAR_005001,1,0.39791576077167334,0,0,1
VAR_004552,1,0.7835870645262026,1,1,1
VAR_000150,1,0.903968821504327,1,1,1
VAR_002044,1,0.9131642089125658,1,1,1
VAR_004312,1,0.5119827875959115,1,0,1
VAR_005568,1,0.9427372472759117,1,1,1
VAR_006287,0,0.5452275619195874,1,0,1
VAR_002653,1,0.6366884345603733,1,1,1
VAR_005766,1,0.9673058151568513,1,1,1
VAR_006321,0,0.05570358007258402,0,0,0
VAR_004287,1,0.12453509678712751,0,0,0
VAR_000858,1,0.9911812934838161,1,1,1
VAR_002415,0,0.37077326193994525,0,0,1
VAR_004065,1,0.9890160207532704,1,1,1
VAR_001787,0,0.16407398223054764,0,0,0
VAR_004408,1,0.8684418214172002,1,1,1
VAR_006342,1,0.9904745737911779,1,1,1
VAR_004833,1,0.7973212182701329,1,1,1
VAR_000145,0,0.0744622554439961,0,0,0
VAR_004398,1,0.910047922051822,1,1,1
VAR_003849,0,0.06068356941414321,0,0,0
VAR_006244,0,0.03585478866328215,0,0,0
VAR_000579,1,0.83415832057848,1,1,1
VAR_003405,1,0.9272481502895995,1,1,1
VAR_000793,1,0.7311085030849974,1,1,1
VAR_001822,1,0.4131754355541591,0,0,1
VAR_001376,0,0.39189217064450954,0,0,1
VAR_003409,1,0.9821338185939983,1,1,1
VAR_003714,0,0.06915764150038653,0,0,0
VAR_000290,1,0.8563107257584078,1,1,1
VAR_002409,1,0.9580461611854687,1,1,1
VAR_004857,0,0.27296976883404866,0,0,0
VAR_002573,0,0.7434843409734009,1,1,1
VAR_005627,0,0.5477962874819012,1,0,1
VAR_005132,1,0.9390909964880019,1,1,1
VAR_002026,1,0.8399407610187506,1,1,1
VAR_002711,1,0.6644967112624862,1,1,1
VAR_002942,1,0.9039503027430457,1,1,1
VAR_006040,1,0.9535458780675453,1,1,1
VAR_000044,1,0.8526586936865528,1,1,1
VAR_001625,1,0.42601203254763953,0,0,1
VAR_003374,1,0.8399075221429738,1,1,1
VAR_005507,0,0.3760264724684801,0,0,1
VAR_001679,0,0.18904463495004462,0,0,0
VAR_003406,1,0.9184248337071571,1,1,1
VAR_005963,1,0.9591643844084088,1,1,1
VAR_005688,0,0.882208661425818,1,1,1
VAR_002444,1,0.9314948019457024,1,1,1
VAR_003271,1,0.902972174213876,1,1,1
VAR_005057,1,0.7830779012503358,1,1,1
VAR_000287,0,0.02761748469185775,0,0,0
VAR_001024,1,0.9880768509664912,1,1,1
VAR_004846,1,0.9609299629144181,1,1,1
VAR_006313,0,0.24877614306849688,0,0,0
VAR_005470,1,0.46841169097740776,0,0,1
VAR_003941,1,0.5718699022720469,1,0,1
VAR_006043,1,0.8074948514857307,1,1,1
VAR_004814,1,0.9200082714874044,1,1,1
VAR_000366,1,0.6012539918708225,1,1,1
VAR_002558,1,0.8946312034902869,1,1,1
VAR_004578,0,0.9525765515229105,1,1,1
VAR_005703,1,0.8907411764698763,1,1,1
VAR_001458,1,0.42601203254763953,0,0,1
VAR_002644,1,0.633695724288527,1,1,1
VAR_003391,1,0.9254875174492374,1,1,1
VAR_005172,0,0.4458190084835066,0,0,1
VAR_002766,1,0.7949475961053013,1,1,1
VAR_004732,1,0.8669001962660507,1,1,1
VAR_003277,0,0.11726439311939026,0,0,0
VAR_005527,1,0.9182903601076908,1,1,1
VAR_003169,1,0.9055955112740605,1,1,1
VAR_006518,1,0.8703026232855634,1,1,1
VAR_002912,0,0.16004508705617992,0,0,0
VAR_003779,1,0.2416723785347565,0,0,0
VAR_002086,1,0.4651723059213143,0,0,1
VAR_006128,0,0.37774782504423293,0,0,1
VAR_004827,1,0.9508907957042926,1,1,1
VAR_003296,1,0.9519723935496948,1,1,1
VAR_002740,1,0.7892992042755258,1,1,1
VAR_005486,0,0.06855065050860232,0,0,0
VAR_004364,0,0.49297339491938347,0,0,1
VAR_002892,1,0.2441641909719398,0,0,0
VAR_003395,1,0.8645482967022146,1,1,1
VAR_004427,1,0.9506611052415052,1,1,1
VAR_003573,0,0.12019567728031214,0,0,0
VAR_006541,1,0.3788892506920868,0,0,1
VAR_005706,1,0.9550253204277337,1,1,1
VAR_004440,1,0.18534162273746196,0,0,0
VAR_000764,1,0.9359310858466049,1,1,1
VAR_004910,1,0.8279495264218849,1,1,1
VAR_004415,1,0.9415598229405518,1,1,1
VAR_002075,1,0.8967576612421893,1,1,1
VAR_006516,1,0.4402450347216743,0,0,1
VAR_001821,1,0.7888441776739616,1,1,1
VAR_004346,1,0.949262500541019,1,1,1
VAR_002365,1,0.6421737871846714,1,1,1
VAR_003742,1,0.7265348703733745,1,1,1
VAR_002326,1,0.7248330929867076,1,1,1
VAR_000050,0,0.027181415013988762,0,0,0
VAR_005618,0,0.17229365410160546,0,0,0
VAR_001525,1,0.4401099374159651,0,0,1
VAR_005244,1,0.9888008254276348,1,1,1
VAR_002506,1,0.9630462429060734,1,1,1
VAR_006160,0,0.536231236655247,1,0,1
VAR_004009,1,0.9620200966878047,1,1,1
VAR_000565,1,0.9822266286780255,1,1,1
VAR_002443,1,0.6189012666571189,1,1,1
VAR_001864,1,0.8838757451761103,1,1,1
VAR_005514,1,0.7251614793223036,1,1,1
VAR_004505,0,0.09722383400505108,0,0,0
VAR_003847,0,0.4257177886815732,0,0,1
VAR_005499,1,0.9465036216697608,1,1,1
VAR_002858,1,0.9673109898791629,1,1,1
VAR_000447,1,0.9017396754717992,1,1,1
VAR_003134,0,0.16387408173983709,0,0,0
VAR_005577,1,0.8290438680597879,1,1,1
VAR_000553,0,0.10600870644763477,0,0,0
VAR_000180,0,0.49648915545221967,0,0,1
VAR_000051,0,0.2632308490646068,0,0,0
VAR_000416,1,0.4042773543313824,0,0,1
VAR_006107,1,0.9292914661498586,1,1,1
VAR_004066,1,0.9517860610694526,1,1,1
VAR_003231,0,0.4042773543313824,0,0,1
VAR_000455,1,0.9657455020147783,1,1,1
VAR_004506,1,0.7761969411597821,1,1,1
VAR_005226,1,0.8146514307906706,1,1,1
VAR_003049,0,0.4046265651110142,0,0,1
VAR_001248,0,0.39093301781316275,0,0,1
VAR_004430,1,0.422416782063449,0,0,1
VAR_005463,1,0.38442384506366917,0,0,1
VAR_000642,1,0.9754223491686637,1,1,1
VAR_004464,1,0.8054870482994752,1,1,1
VAR_002967,1,0.9009750422297415,1,1,1
VAR_004030,0,0.13955015537974322,0,0,0
VAR_006494,1,0.5725837683651717,1,0,1
VAR_000979,1,0.9710308183689426,1,1,1
VAR_000503,1,0.8803027230058889,1,1,1
VAR_004580,1,0.9129857379867544,1,1,1
VAR_001172,1,0.8874567862236277,1,1,1
VAR_000965,1,0.9676734457350733,1,1,1
VAR_002639,1,0.9225332660863352,1,1,1
VAR_004411,1,0.9570037647984381,1,1,1
VAR_001895,0,0.362184742944102,0,0,1
VAR_005803,1,0.9085280277196655,1,1,1
VAR_001961,0,0.1351815312378484,0,0,0
VAR_001089,1,0.9765748707804655,1,1,1
VAR_000796,0,0.04103483469548167,0,0,0
VAR_006534,1,0.9258839798276521,1,1,1
VAR_005068,1,0.811166531650657,1,1,1
VAR_004597,0,0.06675926498003282,0,0,0
VAR_004845,1,0.9416205881999407,1,1,1
VAR_000441,0,0.9095296336219979,1,1,1
VAR_005613,1,0.6950238492501402,1,1,1
VAR_005439,1,0.8858189097313127,1,1,1
VAR_000596,1,0.9221399897553907,1,1,1
VAR_003895,0,0.4841989794814075,0,0,1
VAR_005201,1,0.9634815278826183,1,1,1
VAR_000622,1,0.9516129336918989,1,1,1
VAR_000687,1,0.9234224381563247,1,1,1
VAR_005709,1,0.9915380619773058,1,1,1
VAR_006119,0,0.20029035981852267,0,0,0
VAR_003794,1,0.5712030357950881,1,0,1
VAR_003635,0,0.9352459672982217,1,1,1
VAR_003660,1,0.7224884235324553,1,1,1
VAR_005815,1,0.8534689463872013,1,1,1
VAR_005726,0,0.11720795085019459,0,0,0
VAR_003290,1,0.9631466436625217,1,1,1
VAR_000329,1,0.5337257431232254,1,0,1
VAR_005842,1,0.9141198175651287,1,1,1
VAR_004492,0,0.040054179220079755,0,0,0
VAR_004315,1,0.3918236985180453,0,0,1
VAR_001761,1,0.8191391872799532,1,1,1
VAR_004802,1,0.7236192261398747,1,1,1
VAR_003212,0,0.15829994402819506,0,0,0
VAR_000280,1,0.048846435902199614,0,0,0
VAR_005841,1,0.44728865960193964,0,0,1
VAR_003666,1,0.9156358680584551,1,1,1
VAR_003828,0,0.128819385701178,0,0,0
VAR_000209,1,0.32166579506240206,0,0,0
VAR_000961,1,0.9760225970193129,1,1,1
VAR_004920,1,0.9427733348065251,1,1,1
VAR_001036,1,0.7570222639018174,1,1,1
VAR_005003,1,0.8862084628060389,1,1,1
VAR_006332,0,0.9278552746312034,1,1,1
VAR_002710,1,0.9383631868900574,1,1,1
VAR_001455,0,0.3523383183273622,0,0,0
VAR_003537,1,0.9375983648913584,1,1,1
VAR_006308,1,0.8507501433294237,1,1,1
VAR_005431,1,0.9543951041567156,1,1,1
VAR_005389,1,0.26925549033467805,0,0,0
VAR_001992,0,0.8829047315707809,1,1,1
VAR_000785,0,0.08832418860376971,0,0,0
VAR_001704,1,0.9867638740712851,1,1,1
VAR_005636,1,0.17011551104698616,0,0,0
VAR_002542,1,0.903152745990391,1,1,1
VAR_004239,1,0.9715364221071302,1,1,1
VAR_005395,0,0.8860008506332789,1,1,1
VAR_004282,1,0.5755831408969319,1,0,1
VAR_005335,1,0.9742785417780518,1,1,1
VAR_001874,1,0.8675623865638419,1,1,1
VAR_003850,1,0.9267813798927014,1,1,1
VAR_003760,1,0.96911251190458,1,1,1
VAR_003001,0,0.9097192172098653,1,1,1
VAR_006575,0,0.9518172685963142,1,1,1
VAR_002909,1,0.935458740806873,1,1,1
VAR_004966,1,0.8099450692501351,1,1,1
VAR_002988,1,0.6086504335442757,1,1,1
VAR_000074,0,0.7580356909475321,1,1,1
VAR_002989,1,0.17255905980760275,0,0,0
VAR_005788,1,0.8530960673873657,1,1,1
VAR_005564,1,0.8237728433003528,1,1,1
VAR_002678,0,0.22716069944022627,0,0,0
VAR_002873,1,0.9557176203731392,1,1,1
VAR_004041,1,0.7352225554914132,1,1,1
VAR_003512,0,0.7286480982605497,1,1,1
VAR_004390,1,0.9789056314523633,1,1,1
VAR_001766,1,0.2611210772352246,0,0,0
VAR_003985,1,0.977659577614319,1,1,1
VAR_004564,1,0.8908837296748832,1,1,1
VAR_004453,0,0.48435462587015643,0,0,1
VAR_004093,0,0.9301058717318049,1,1,1
VAR_000973,1,0.9697860984334286,1,1,1
VAR_000359,1,0.6290868950620871,1,1,1
VAR_001887,1,0.8917794451818247,1,1,1
VAR_004799,0,0.660064114763116,1,1,1
VAR_005281,1,0.6950187992264474,1,1,1
VAR_005294,0,0.4401099374159651,0,0,1
VAR_000835,1,0.90342089384552,1,1,1
VAR_001522,0,0.4046265651110142,0,0,1
VAR_005871,1,0.2902209934278869,0,0,0
VAR_001473,1,0.6139255031798958,1,1,1
VAR_006499,1,0.9838212527640229,1,1,1
VAR_006173,0,0.5143131241581232,1,0,1
VAR_004545,1,0.9181826554465928,1,1,1
VAR_005397,1,0.9518384820861929,1,1,1
VAR_006501,1,0.9177318579816219,1,1,1
VAR_005845,0,0.2215938914576829,0,0,0
VAR_001589,1,0.8854640356685194,1,1,1
VAR_001802,1,0.9330920013539822,1,1,1
VAR_000948,1,0.7340376004108006,1,1,1
VAR_005231,0,0.18042329584070754,0,0,0
VAR_000215,1,0.17468597034539166,0,0,0
VAR_003972,0,0.10762592733068505,0,0,0
VAR_002752,1,0.8931800293201525,1,1,1
VAR_003955,1,0.38888780815384766,0,0,1
VAR_001546,1,0.8968250414166317,1,1,1
VAR_004883,0,0.055830077240712477,0,0,0
VAR_003987,1,0.9523683026490718,1,1,1
VAR_005693,1,0.9952140753329551,1,1,1
VAR_000360,1,0.14782076127164287,0,0,0
VAR_002029,0,0.6878717723550826,1,1,1
VAR_002078,1,0.82667085775255,1,1,1
VAR_003758,1,0.9592932356307428,1,1,1
VAR_004148,0,0.7367884026932354,1,1,1
VAR_002849,0,0.8865624405053694,1,1,1
VAR_003294,1,0.891990655568188,1,1,1
VAR_000397,0,0.8596891434849945,1,1,1
VAR_002780,1,0.7321629891506113,1,1,1
VAR_001136,1,0.9400565629037538,1,1,1
VAR_005336,1,0.9854053548036329,1,1,1
VAR_001903,0,0.11370048403429309,0,0,0
VAR_005071,1,0.6764216096571323,1,1,1
VAR_000396,1,0.1530100801439887,0,0,0
VAR_000727,1,0.968503225247799,1,1,1
VAR_000634,1,0.9746705297578869,1,1,1
VAR_002384,1,0.9219628874255046,1,1,1
VAR_005424,0,0.5792811438676065,1,0,1
VAR_002007,1,0.9405708033111982,1,1,1
VAR_005116,1,0.4914708950473681,0,0,1
VAR_004820,1,0.5740630676935773,1,0,1
VAR_004058,1,0.7221336044772786,1,1,1
VAR_004374,1,0.8722944412904934,1,1,1
